layer,issuer,document_id,run_id,timestamp,model,input_tokens,cache_hit_tokens,output_tokens,total_tokens,estimated_cost_usd
macro,macro,FOMC_2025-01-29,20260702T132530Z,2026-07-02T13:25:45Z,deepseek-v4-flash,14258,,1834,16092,0.005867
macro,macro,FOMC_2025-03-19,20260702T132545Z,2026-07-02T13:26:02Z,deepseek-v4-flash,13023,,1861,14884,0.005563
macro,macro,FOMC_2025-05-07,20260702T132602Z,2026-07-02T13:26:18Z,deepseek-v4-flash,13398,,1838,15236,0.005639
macro,macro,FOMC_2025-06-18,20260702T132618Z,2026-07-02T13:26:34Z,deepseek-v4-flash,12795,,2002,14797,0.005657
macro,macro,FOMC_2025-07-30,20260702T132634Z,2026-07-02T13:26:50Z,deepseek-v4-flash,12864,,2145,15009,0.005833
macro,macro,FOMC_2025-09-17,20260702T132650Z,2026-07-02T13:27:00Z,deepseek-v4-flash,12012,,1335,13347,0.004712
macro,macro,FOMC_2025-10-29,20260702T132701Z,2026-07-02T13:27:13Z,deepseek-v4-flash,14272,,1727,15999,0.005753
macro,macro,FOMC_2025-12-10,20260702T132713Z,2026-07-02T13:27:24Z,deepseek-v4-flash,13507,,1384,14891,0.005169
macro,macro,FOMC_2026-01-28,20260709T145704Z,2026-07-09T14:57:23Z,deepseek-v4-flash,12802,256,2222,15024,0.00585
macro,macro,FOMC_2026-03-18,20260706T104203Z,2026-07-06T10:42:19Z,deepseek-v4-flash,12048,256,2071,14119,0.00548
macro,macro,FOMC_2026-04-29,20260706T104222Z,2026-07-06T10:42:36Z,deepseek-v4-flash,13001,256,2043,15044,0.005706
micro,p2_airbnb,ABNB_FQ1_2026,20260730T171935Z,,deepseek-v4-flash,20676,,2090,22766,0.00783
micro,p2_airbnb,ABNB_FQ2_2025,20260730T171935Z,,deepseek-v4-flash,21818,,1992,23810,0.008082
micro,p2_airbnb,ABNB_FQ3_2025,20260730T171935Z,,deepseek-v4-flash,20715,,1969,22684,0.007759
micro,p2_airbnb,ABNB_FQ4_2025,20260730T171935Z,,deepseek-v4-flash,19576,,1951,21527,0.00738
micro,p2_allianz,ALV.DE_FQ1_2025,20260809T094447Z,,deepseek-v4-flash,29823,,1848,31671,0.010085
micro,p2_alphabet,GOOGL_FQ1_2026,20260809T094904Z,,deepseek-v4-flash,23143,,2083,25226,0.008489
micro,p2_alphabet,GOOGL_FQ3_2025,20260809T094904Z,,deepseek-v4-flash,23387,,2137,25524,0.008614
micro,p2_alphabet,GOOGL_FQ4_2025,20260809T094904Z,,deepseek-v4-flash,24698,,1674,26372,0.008459
micro,p2_amazon,AMZN_FQ1_2026,20260730T172044Z,,deepseek-v4-flash,15583,,1632,17215,0.005951
micro,p2_amazon,AMZN_FQ3_2025,20260730T172044Z,,deepseek-v4-flash,14925,,2311,17236,0.006521
micro,p2_amazon,AMZN_FQ4_2025,20260730T172044Z,,deepseek-v4-flash,16605,,2243,18848,0.006899
micro,p2_amd,AMD_FQ1_2026,20260730T172131Z,,deepseek-v4-flash,17491,,1673,19164,0.006512
micro,p2_amd,AMD_FQ2_2025,20260730T172131Z,,deepseek-v4-flash,16438,,1757,18195,0.00632
micro,p2_amd,AMD_FQ4_2025,20260730T172131Z,,deepseek-v4-flash,16240,,1839,18079,0.006357
micro,p2_apple,AAPL_FQ1_2026,20260730T172214Z,,deepseek-v4-flash,17966,,2134,20100,0.007147
micro,p2_apple,AAPL_FQ3_2025,20260730T172214Z,,deepseek-v4-flash,17382,,2154,19536,0.007011
micro,p2_apple,AAPL_FQ4_2025,20260730T172214Z,,deepseek-v4-flash,17164,,1909,19073,0.006683
micro,p2_bank_of_america,BAC_FQ1_2025,20260718T212506Z,,deepseek-v4-flash,61462,,2184,63646,0.006709
micro,p2_bank_of_america,BAC_FQ2_2025,20260718T212506Z,,deepseek-v4-flash,66960,,2202,69162,0.007113
micro,p2_bank_of_america,BAC_FQ3_2025,20260718T212506Z,,deepseek-v4-flash,66225,,2230,68455,0.007099
micro,p2_bank_of_america,BAC_FQ4_2025,20260718T212506Z,,deepseek-v4-flash,67411,,3282,70693,0.008346
micro,p2_barclays,BCS_FQ1_2026,20260730T172306Z,,deepseek-v4-flash,51174,,2161,53335,0.016143
micro,p2_barclays,BCS_FQ2_2025,20260730T172306Z,,deepseek-v4-flash,89035,,3249,92284,0.027562
micro,p2_barclays,BCS_FQ3_2025,20260730T172306Z,,deepseek-v4-flash,56141,,2333,58474,0.017673
micro,p2_boeing,BA_FQ1_2025,20260721T160357Z,,deepseek-v4-flash,23830,,2443,26273,0.00907
micro,p2_boeing,BA_FQ2_2025,20260721T160357Z,,deepseek-v4-flash,12035,,1845,13880,0.005228
micro,p2_boeing,BA_FQ3_2025,20260721T160357Z,,deepseek-v4-flash,12302,,1797,14099,0.005247
micro,p2_boeing,BA_FQ4_2025,20260721T160357Z,,deepseek-v4-flash,122024,,2821,124845,0.035998
micro,p2_booking_holdings,BKNG_FQ2_2025,20260809T095014Z,,deepseek-v4-flash,13981,,2118,16099,0.006053
micro,p2_booking_holdings,BKNG_FQ3_2025,20260809T095014Z,,deepseek-v4-flash,25142,,2411,27553,0.009389
micro,p2_booking_holdings,BKNG_FQ4_2025,20260809T095014Z,,deepseek-v4-flash,24452,,3133,27585,0.009997
micro,p2_broadcom,AVGO_FQ1_2026,20260809T095143Z,,deepseek-v4-flash,25819,,2329,28148,0.009482
micro,p2_broadcom,AVGO_FQ3_2025,20260809T095143Z,,deepseek-v4-flash,28928,,2278,31206,0.010265
micro,p2_broadcom,AVGO_FQ4_2025,20260809T095143Z,,deepseek-v4-flash,27941,,2413,30354,0.010147
micro,p2_caterpillar,CAT_FQ2_2025,20260809T095259Z,,deepseek-v4-flash,32341,,2553,34894,0.011489
micro,p2_caterpillar,CAT_FQ3_2025,20260809T095259Z,,deepseek-v4-flash,32615,,2097,34712,0.011062
micro,p2_caterpillar,CAT_FQ4_2025,20260809T095259Z,,deepseek-v4-flash,24465,,2855,27320,0.009695
micro,p2_charles_schwab,SCHW_FQ1_2025,20260730T172436Z,,deepseek-v4-flash,26992,,2218,29210,0.009676
micro,p2_charles_schwab,SCHW_FQ1_2026,20260730T172436Z,,deepseek-v4-flash,27125,,1836,28961,0.009292
micro,p2_charles_schwab,SCHW_FQ2_2025,20260730T172436Z,,deepseek-v4-flash,28253,,1887,30140,0.009653
micro,p2_charles_schwab,SCHW_FQ3_2025,20260730T172436Z,,deepseek-v4-flash,28707,,1491,30198,0.00934
micro,p2_charles_schwab,SCHW_FQ4_2025,20260730T172436Z,,deepseek-v4-flash,27901,,2152,30053,0.009849
micro,p2_chipotle,CMG_FQ1_2025,20260809T095426Z,,deepseek-v4-flash,23102,,1797,24899,0.008163
micro,p2_chipotle,CMG_FQ2_2025,20260809T095426Z,,deepseek-v4-flash,24130,,2288,26418,0.008981
micro,p2_chipotle,CMG_FQ3_2025,20260809T095426Z,,deepseek-v4-flash,16683,,2005,18688,0.006659
micro,p2_chipotle,CMG_FQ4_2025,20260809T095426Z,,deepseek-v4-flash,22542,,2975,25517,0.009308
micro,p2_citigroup,C_FQ1_2025,20260718T213110Z,,deepseek-v4-flash,61904,,1989,63893,0.006537
micro,p2_citigroup,C_FQ2_2025,20260718T213110Z,,deepseek-v4-flash,68660,,2599,71259,0.007676
micro,p2_citigroup,C_FQ3_2025,20260718T213110Z,,deepseek-v4-flash,91363,,3184,94547,0.009918
micro,p2_citigroup,C_FQ4_2025,20260718T213110Z,,deepseek-v4-flash,195983,,3294,199277,0.017345
micro,p2_coca_cola,KO_FQ1_2026,20260730T172550Z,,deepseek-v4-flash,16587,,2044,18631,0.006676
micro,p2_coca_cola,KO_FQ2_2025,20260730T172550Z,,deepseek-v4-flash,16811,,1941,18752,0.006623
micro,p2_coca_cola,KO_FQ4_2025,20260730T172550Z,,deepseek-v4-flash,17416,,2173,19589,0.007041
micro,p2_coinbase,COIN_FQ1_2026,20260730T172642Z,,deepseek-v4-flash,19932,,1682,21614,0.007181
micro,p2_coinbase,COIN_FQ3_2025,20260730T172642Z,,deepseek-v4-flash,19913,,1808,21721,0.007314
micro,p2_coinbase,COIN_FQ4_2025,20260730T172642Z,,deepseek-v4-flash,20471,,1868,22339,0.007531
micro,p2_comcast_corporation,CMCSA_FQ1_2025,20260809T095557Z,,deepseek-v4-flash,25306,,3003,28309,0.010085
micro,p2_comcast_corporation,CMCSA_FQ1_2026,20260809T095557Z,,deepseek-v4-flash,26824,,2596,29420,0.010047
micro,p2_comcast_corporation,CMCSA_FQ2_2025,20260809T095557Z,,deepseek-v4-flash,28137,,2572,30709,0.010375
micro,p2_comcast_corporation,CMCSA_FQ4_2025,20260809T095557Z,,deepseek-v4-flash,27442,,3084,30526,0.010751
micro,p2_cvs_health,CVS_FQ1_2026,20260730T172735Z,,deepseek-v4-flash,18884,,2653,21537,0.007966
micro,p2_cvs_health,CVS_FQ2_2025,20260730T172735Z,,deepseek-v4-flash,19209,,1949,21158,0.007279
micro,p2_cvs_health,CVS_FQ3_2025,20260730T172735Z,,deepseek-v4-flash,19935,,2962,22897,0.008589
micro,p2_cvs_health,CVS_FQ4_2025,20260730T172735Z,,deepseek-v4-flash,20173,,2070,22243,0.007673
micro,p2_dell,DELL_FQ1_2025,20260809T095758Z,,deepseek-v4-flash,20264,,2395,22659,0.008055
micro,p2_dell,DELL_FQ3_2025,20260809T095758Z,,deepseek-v4-flash,21038,,2894,23932,0.008812
micro,p2_dell,DELL_FQ4_2025,20260809T095758Z,,deepseek-v4-flash,22751,,3005,25756,0.009397
micro,p2_delta_air_lines,DAL_FQ1_2025,20260809T095933Z,,deepseek-v4-flash,37685,,1812,39497,0.012117
micro,p2_delta_air_lines,DAL_FQ2_2025,20260809T095933Z,,deepseek-v4-flash,40022,,2467,42489,0.013468
micro,p2_delta_air_lines,DAL_FQ3_2025,20260809T095933Z,,deepseek-v4-flash,41055,,2115,43170,0.01336
micro,p2_delta_air_lines,DAL_FQ4_2025,20260809T095933Z,,deepseek-v4-flash,45602,,3071,48673,0.015639
micro,p2_disney,DIS_FQ1_2025,20260730T172857Z,,deepseek-v4-flash,12776,,2613,15389,0.006273
micro,p2_disney,DIS_FQ3_2025,20260730T172857Z,,deepseek-v4-flash,13673,,2269,15942,0.006136
micro,p2_disney,DIS_FQ4_2025,20260730T172857Z,,deepseek-v4-flash,13651,,2595,16246,0.006489
micro,p2_eli_lilly,LLY_FQ1_2026,20260730T172953Z,,deepseek-v4-flash,6238,,1657,7895,0.003456
micro,p2_eli_lilly,LLY_FQ3_2025,20260730T172953Z,,deepseek-v4-flash,6274,,1625,7899,0.00343
micro,p2_eli_lilly,LLY_FQ4_2025,20260730T172953Z,,deepseek-v4-flash,6138,,1761,7899,0.003543
micro,p2_expedia,EXPE_FQ1_2025,20260809T100145Z,,deepseek-v4-flash,31126,,1593,32719,0.010105
micro,p2_expedia,EXPE_FQ1_2026,20260809T100145Z,,deepseek-v4-flash,28478,,2530,31008,0.010421
micro,p2_expedia,EXPE_FQ2_2025,20260809T100145Z,,deepseek-v4-flash,31708,,1679,33387,0.010357
micro,p2_expedia,EXPE_FQ4_2025,20260809T100145Z,,deepseek-v4-flash,30021,,2712,32733,0.011038
micro,p2_fedex,FDX_FQ1_2026,20260730T173029Z,,deepseek-v4-flash,21559,,1696,23255,0.007635
micro,p2_fedex,FDX_FQ2_2026,20260730T173029Z,,deepseek-v4-flash,23153,,2035,25188,0.008439
micro,p2_fedex,FDX_FQ3_2026,20260730T173029Z,,deepseek-v4-flash,22945,,2132,25077,0.008489
micro,p2_fedex,FDX_FQ4_2026,20260730T173029Z,,deepseek-v4-flash,24357,,2646,27003,0.009436
micro,p2_ford,F_FQ1_2026,20260730T173142Z,,deepseek-v4-flash,24931,,2158,27089,0.009054
micro,p2_ford,F_FQ2_2025,20260730T173142Z,,deepseek-v4-flash,26236,,2001,28237,0.009234
micro,p2_ford,F_FQ4_2025,20260730T173142Z,,deepseek-v4-flash,26175,,2453,28628,0.009714
micro,p2_general_mills,GIS_FQ2_2026,20260809T100338Z,,deepseek-v4-flash,29150,,2206,31356,0.010246
micro,p2_general_mills,GIS_FQ3_2026,20260809T100338Z,,deepseek-v4-flash,30369,,1641,32010,0.009954
micro,p2_general_mills,GIS_FQ4_2026,20260809T100338Z,,deepseek-v4-flash,25230,,2688,27918,0.009718
micro,p2_goldman_sachs,GS_FQ1_2025,20260730T173246Z,,deepseek-v4-flash,19415,,2691,22106,0.008151
micro,p2_goldman_sachs,GS_FQ1_2026,20260730T173246Z,,deepseek-v4-flash,21385,,2633,24018,0.008619
micro,p2_goldman_sachs,GS_FQ2_2025,20260730T173246Z,,deepseek-v4-flash,18840,,2689,21529,0.007994
micro,p2_goldman_sachs,GS_FQ2_2026,20260730T173246Z,,deepseek-v4-flash,19002,,2218,21220,0.007519
micro,p2_goldman_sachs,GS_FQ3_2025,20260730T173246Z,,deepseek-v4-flash,17689,,2224,19913,0.007171
micro,p2_goldman_sachs,GS_FQ4_2025,20260730T173246Z,,deepseek-v4-flash,22671,,1963,24634,0.008229
micro,p2_hilton,HLT_FQ1_2026,20260804T100921Z,,deepseek-v4-flash,25156,,2616,27772,0.009619
micro,p2_hilton,HLT_FQ3_2024,20260804T100921Z,,deepseek-v4-flash,26636,,2413,29049,0.009795
micro,p2_hilton,HLT_FQ4_2025,20260804T100921Z,,deepseek-v4-flash,28441,,2066,30507,0.0099
micro,p2_ibm,IBM_FQ1_2026,20260718T213817Z,,deepseek-v4-flash,22068,,2707,24775,0.004533
micro,p2_ibm,IBM_FQ2_2025,20260718T213817Z,,deepseek-v4-flash,23252,,3143,26395,0.005102
micro,p2_ibm,IBM_FQ4_2025,20260718T213817Z,,deepseek-v4-flash,24948,,2928,27876,0.00499
micro,p2_johnson_johnson,JNJ_FQ1_2025,20260809T100453Z,,deepseek-v4-flash,31345,,2641,33986,0.011317
micro,p2_johnson_johnson,JNJ_FQ2_2025,20260809T100453Z,,deepseek-v4-flash,28440,,3794,32234,0.011801
micro,p2_johnson_johnson,JNJ_FQ3_2025,20260809T100453Z,,deepseek-v4-flash,30655,,3306,33961,0.011862
micro,p2_jpm,JPM_FQ1_2026,20260804T101017Z,,deepseek-v4-flash,23046,,1947,24993,0.008313
micro,p2_kraft_heinz,KHC_FQ1_2025,20260809T100629Z,,deepseek-v4-flash,15447,,3390,18837,0.007848
micro,p2_kraft_heinz,KHC_FQ1_2026,20260809T100629Z,,deepseek-v4-flash,11830,,2256,14086,0.005625
micro,p2_kraft_heinz,KHC_FQ4_2024,20260809T100629Z,,deepseek-v4-flash,15061,,2931,17992,0.007239
micro,p2_lenovo,LNVGY_FQ1_2026,20260809T100740Z,,deepseek-v4-flash,10431,,1758,12189,0.004699
micro,p2_lenovo,LNVGY_FQ2_2026,20260809T100740Z,,deepseek-v4-flash,9932,,1541,11473,0.004326
micro,p2_lenovo,LNVGY_FQ3_2026,20260809T100740Z,,deepseek-v4-flash,10140,,2180,12320,0.005085
micro,p2_lenovo,LNVGY_FQ4_2026,20260809T100740Z,,deepseek-v4-flash,12713,,1931,14644,0.005505
micro,p2_linde,LIN_FQ1_2026,20260809T100915Z,,deepseek-v4-flash,25574,,2757,28331,0.004843
micro,p2_linde,LIN_FQ2_2025,20260809T100915Z,,deepseek-v4-flash,19284,,2729,22013,0.008157
micro,p2_linde,LIN_FQ3_2025,20260809T100915Z,,deepseek-v4-flash,20268,,2481,22749,0.00815
micro,p2_lockheed_martin,LMT_FQ1_2025,20260730T173512Z,,deepseek-v4-flash,23960,,2164,26124,0.008798
micro,p2_lockheed_martin,LMT_FQ2_2025,20260730T173512Z,,deepseek-v4-flash,25944,,3316,29260,0.010601
micro,p2_lockheed_martin,LMT_FQ3_2025,20260730T173512Z,,deepseek-v4-flash,25186,,2127,27313,0.009089
micro,p2_lockheed_martin,LMT_FQ4_2025,20260730T173512Z,,deepseek-v4-flash,25750,,2176,27926,0.009295
micro,p2_lowes,LOW_FQ1_2025,20260730T173636Z,,deepseek-v4-flash,17721,,2018,19739,0.006953
micro,p2_lowes,LOW_FQ1_2026,20260730T173636Z,,deepseek-v4-flash,17959,,2258,20217,0.007282
micro,p2_lowes,LOW_FQ2_2025,20260730T173636Z,,deepseek-v4-flash,18225,,1701,19926,0.006741
micro,p2_lowes,LOW_FQ3_2025,20260730T173636Z,,deepseek-v4-flash,17570,,1597,19167,0.006449
micro,p2_lowes,LOW_FQ4_2025,20260730T173636Z,,deepseek-v4-flash,17452,,2637,20089,0.007562
micro,p2_lululemon,LULU_FQ1_2026,20260730T173802Z,,deepseek-v4-flash,16193,,2359,18552,0.006916
micro,p2_lululemon,LULU_FQ3_2025,20260730T173802Z,,deepseek-v4-flash,21365,,2597,23962,0.008574
micro,p2_lululemon,LULU_FQ4_2025,20260730T173802Z,,deepseek-v4-flash,22093,,2397,24490,0.008551
micro,p2_lvmh,MC.PA_FQ2_2025,20260730T173902Z,,deepseek-v4-flash,10729,,2008,12737,0.005054
micro,p2_lvmh,MC.PA_FQ4_2025,20260730T173902Z,,deepseek-v4-flash,17008,,1992,19000,0.006732
micro,p2_maersk,AMKBY_FQ1_2025,20260718T214258Z,,deepseek-v4-flash,40654,,2122,42776,0.005196
micro,p2_maersk,AMKBY_FQ2_2025,20260718T214258Z,,deepseek-v4-flash,39390,,2270,41660,0.005273
micro,p2_maersk,AMKBY_FQ3_2025,20260718T214258Z,,deepseek-v4-flash,39031,,2051,41082,0.005012
micro,p2_maersk,AMKBY_FQ4_2025,20260718T214258Z,,deepseek-v4-flash,24644,,2135,26779,0.004087
micro,p2_marriott,MAR_FQ1_2026,20260804T100738Z,,deepseek-v4-flash,26004,,4013,30017,0.011384
micro,p2_marriott,MAR_FQ2_2025,20260804T100738Z,,deepseek-v4-flash,28565,,2532,31097,0.010498
micro,p2_marriott,MAR_FQ3_2025,20260804T100738Z,,deepseek-v4-flash,27451,,2155,29606,0.009782
micro,p2_marriott,MAR_FQ4_2025,20260804T100738Z,,deepseek-v4-flash,32876,,3084,35960,0.012218
micro,p2_mcdonalds,MCD_FQ1_2026,20260718T214427Z,,deepseek-v4-flash,18773,,2178,20951,0.003727
micro,p2_mcdonalds,MCD_FQ4_2024,20260718T214427Z,,deepseek-v4-flash,21440,,3616,25056,0.005491
micro,p2_mcdonalds,MCD_FQ4_2025,20260718T214427Z,,deepseek-v4-flash,21334,,3095,24429,0.004915
micro,p2_meta,META_FQ1_2026,20260730T173941Z,,deepseek-v4-flash,16769,,2046,18815,0.006727
micro,p2_meta,META_FQ3_2025,20260730T173941Z,,deepseek-v4-flash,16305,,2120,18425,0.006683
micro,p2_meta,META_FQ4_2025,20260730T173941Z,,deepseek-v4-flash,16684,,2229,18913,0.006905
micro,p2_metlife,MET_FQ1_2026,20260809T101102Z,,deepseek-v4-flash,36044,,2752,38796,0.012708
micro,p2_metlife,MET_FQ2_2024,20260809T101102Z,,deepseek-v4-flash,29257,,2579,31836,0.010685
micro,p2_metlife,MET_FQ2_2025,20260809T101102Z,,deepseek-v4-flash,42588,,2476,45064,0.014171
micro,p2_metlife,MET_FQ3_2024,20260809T101102Z,,deepseek-v4-flash,29539,,2433,31972,0.010601
micro,p2_metlife,MET_FQ3_2025,20260809T101102Z,,deepseek-v4-flash,30773,,2079,32852,0.010544
micro,p2_metlife,MET_FQ4_2025,20260809T101102Z,,deepseek-v4-flash,40744,,2534,43278,0.013737
micro,p2_micron,MU_FQ1_2026,20260809T101354Z,,deepseek-v4-flash,22815,,2129,24944,0.008451
micro,p2_micron,MU_FQ2_2026,20260809T101354Z,,deepseek-v4-flash,24545,,1926,26471,0.008695
micro,p2_micron,MU_FQ4_2025,20260809T101354Z,,deepseek-v4-flash,25915,,2084,27999,0.009238
micro,p2_microsoft,MSFT_FQ1_2025,20260730T174033Z,,deepseek-v4-flash,28599,,3330,31929,0.011334
micro,p2_microsoft,MSFT_FQ1_2026,20260730T174033Z,,deepseek-v4-flash,28104,,2155,30259,0.009907
micro,p2_microsoft,MSFT_FQ2_2025,20260730T174033Z,,deepseek-v4-flash,27017,,3034,30051,0.010581
micro,p2_netflix,NFLX_FQ1_2025,20260730T174141Z,,deepseek-v4-flash,20437,,2408,22845,0.008116
micro,p2_netflix,NFLX_FQ1_2026,20260730T174141Z,,deepseek-v4-flash,22830,,1789,24619,0.008081
micro,p2_netflix,NFLX_FQ2_2025,20260730T174141Z,,deepseek-v4-flash,22000,,2313,24313,0.008433
micro,p2_netflix,NFLX_FQ3_2025,20260730T174141Z,,deepseek-v4-flash,15486,,1528,17014,0.005811
micro,p2_netflix,NFLX_FQ4_2024,20260730T174141Z,,deepseek-v4-flash,13009,,2027,15036,0.005691
micro,p2_netflix,NFLX_FQ4_2025,20260730T174141Z,,deepseek-v4-flash,22213,,2592,24805,0.008798
micro,p2_nike,NKE_FQ1_2025,20260718T214803Z,,deepseek-v4-flash,18455,,1763,20218,0.003236
micro,p2_nike,NKE_FQ2_2025,20260718T214803Z,,deepseek-v4-flash,21666,,1690,23356,0.003382
micro,p2_nike,NKE_FQ3_2025,20260718T214803Z,,deepseek-v4-flash,20815,,1850,22665,0.003508
micro,p2_novo_nordisk,NVO_FQ1_2025,20260730T174326Z,,deepseek-v4-flash,46538,,1660,48198,0.01434
micro,p2_novo_nordisk,NVO_FQ2_2025,20260730T174326Z,,deepseek-v4-flash,51856,,2004,53860,0.016154
micro,p2_novo_nordisk,NVO_FQ3_2025,20260730T174326Z,,deepseek-v4-flash,51116,,2266,53382,0.016243
micro,p2_novo_nordisk,NVO_FQ4_2025,20260730T174326Z,,deepseek-v4-flash,92179,,1711,93890,0.026719
micro,p2_nvidia,NVDA_FQ1_2025,20260718T214902Z,,deepseek-v4-flash,16922,,1897,18819,0.003276
micro,p2_nvidia,NVDA_FQ2_2025,20260718T214902Z,,deepseek-v4-flash,16562,,2280,18842,0.003677
micro,p2_nvidia,NVDA_FQ3_2025,20260718T214902Z,,deepseek-v4-flash,16151,,2681,18832,0.004084
micro,p2_nvidia,NVDA_FQ4_2025,20260718T214902Z,,deepseek-v4-flash,18852,,2208,21060,0.003756
micro,p2_oracle,ORCL_FQ1_2026,20260809T101517Z,,deepseek-v4-flash,18797,,2560,21357,0.00784
micro,p2_oracle,ORCL_FQ2_2026,20260809T101517Z,,deepseek-v4-flash,22065,,2181,24246,0.008305
micro,p2_oracle,ORCL_FQ3_2026,20260809T101517Z,,deepseek-v4-flash,22649,,2296,24945,0.00859
micro,p2_palantir,PLTR_FQ1_2025,20260809T101647Z,,deepseek-v4-flash,15634,,2267,17901,0.006664
micro,p2_palantir,PLTR_FQ2_2025,20260809T101647Z,,deepseek-v4-flash,16916,,2681,19597,0.007465
micro,p2_palantir,PLTR_FQ3_2025,20260809T101647Z,,deepseek-v4-flash,17063,,2193,19256,0.006968
micro,p2_palantir,PLTR_FQ4_2025,20260809T101647Z,,deepseek-v4-flash,16866,,2777,19643,0.007557
micro,p2_paypal,PYPL_FQ1_2025,20260809T101829Z,,deepseek-v4-flash,36995,,2344,39339,0.012516
micro,p2_paypal,PYPL_FQ1_2026,20260809T101829Z,,deepseek-v4-flash,35811,,2150,37961,0.011983
micro,p2_paypal,PYPL_FQ2_2025,20260809T101829Z,,deepseek-v4-flash,39103,,2655,41758,0.013427
micro,p2_paypal,PYPL_FQ3_2025,20260809T101829Z,,deepseek-v4-flash,40020,,2721,42741,0.013747
micro,p2_pepsico,PEP_FQ1_2023,20260730T174454Z,,deepseek-v4-flash,19626,,1890,21516,0.007327
micro,p2_pepsico,PEP_FQ1_2024,20260730T174454Z,,deepseek-v4-flash,10572,,1939,12511,0.004936
micro,p2_pepsico,PEP_FQ1_2025,20260730T174454Z,,deepseek-v4-flash,28618,,1877,30495,0.00974
micro,p2_pepsico,PEP_FQ1_2026,20260730T174454Z,,deepseek-v4-flash,20885,,1964,22849,0.007748
micro,p2_pepsico,PEP_FQ2_2023,20260730T174454Z,,deepseek-v4-flash,23156,,2091,25247,0.008501
micro,p2_pepsico,PEP_FQ2_2024,20260730T174454Z,,deepseek-v4-flash,24254,,1580,25834,0.008235
micro,p2_pepsico,PEP_FQ2_2025,20260730T174454Z,,deepseek-v4-flash,25782,,2417,28199,0.009569
micro,p2_pepsico,PEP_FQ2_2026,20260730T174454Z,,deepseek-v4-flash,25905,,2251,28156,0.009419
micro,p2_pepsico,PEP_FQ3_2023,20260730T174454Z,,deepseek-v4-flash,22416,,2080,24496,0.008289
micro,p2_pepsico,PEP_FQ3_2024,20260730T174454Z,,deepseek-v4-flash,22596,,1517,24113,0.007718
micro,p2_pepsico,PEP_FQ3_2025,20260730T174454Z,,deepseek-v4-flash,26931,,2786,29717,0.010285
micro,p2_pepsico,PEP_FQ4_2023,20260730T174454Z,,deepseek-v4-flash,27330,,2214,29544,0.009763
micro,p2_pepsico,PEP_FQ4_2024,20260730T174454Z,,deepseek-v4-flash,25187,,2338,27525,0.009321
micro,p2_pepsico,PEP_FQ4_2025,20260730T174454Z,,deepseek-v4-flash,26729,,2662,29391,0.010094
micro,p2_pfizer,PFE_FQ1_2025,20260730T174847Z,,deepseek-v4-flash,34721,,2743,37464,0.012341
micro,p2_pfizer,PFE_FQ1_2026,20260730T174847Z,,deepseek-v4-flash,29682,,2237,31919,0.010424
micro,p2_pfizer,PFE_FQ2_2025,20260730T174847Z,,deepseek-v4-flash,37246,,2865,40111,0.013157
micro,p2_pfizer,PFE_FQ4_2025,20260730T174847Z,,deepseek-v4-flash,39487,,2551,42038,0.013416
micro,p2_pinterest,PINS_FQ1_2026,20260809T102137Z,,deepseek-v4-flash,27641,,2242,29883,0.009878
micro,p2_pinterest,PINS_FQ4_2024,20260809T102137Z,,deepseek-v4-flash,26066,,2677,28743,0.009931
micro,p2_pinterest,PINS_FQ4_2025,20260809T102137Z,,deepseek-v4-flash,29959,,3124,33083,0.011474
micro,p2_puma,PUM.DE_FQ1_2025,20260809T102302Z,,deepseek-v4-flash,9982,,2126,12108,0.004983
micro,p2_puma,PUM.DE_FQ1_2026,20260809T102302Z,,deepseek-v4-flash,22364,,3374,25738,0.009698
micro,p2_puma,PUM.DE_FQ3_2025,20260809T102302Z,,deepseek-v4-flash,16194,,2978,19172,0.007597
micro,p2_puma,PUM.DE_FQ4_2025,20260809T102302Z,,deepseek-v4-flash,23750,,2949,26699,0.009605
micro,p2_robinhood_markets,HOOD_FQ1_2025,20260809T102547Z,,deepseek-v4-flash,43955,,1955,45910,0.013967
micro,p2_robinhood_markets,HOOD_FQ1_2026,20260809T102547Z,,deepseek-v4-flash,61022,,2372,63394,0.0069
micro,p2_robinhood_markets,HOOD_FQ2_2025,20260809T102547Z,,deepseek-v4-flash,46845,,1807,48652,0.014585
micro,p2_robinhood_markets,HOOD_FQ3_2025,20260809T102547Z,,deepseek-v4-flash,47608,,2603,50211,0.015666
micro,p2_salesforce,CRM_FQ2_2026,20260809T102832Z,,deepseek-v4-flash,32800,,2676,35476,0.011748
micro,p2_salesforce,CRM_FQ3_2026,20260809T102832Z,,deepseek-v4-flash,32028,,2601,34629,0.011457
micro,p2_salesforce,CRM_FQ4_2026,20260809T102832Z,,deepseek-v4-flash,35667,,2457,38124,0.012282
micro,p2_siemens,SIE.DE_FQ1_2026,20260809T103013Z,,deepseek-v4-flash,15387,,2416,17803,0.006761
micro,p2_siemens,SIE.DE_FQ2_2026,20260809T103013Z,,deepseek-v4-flash,18310,,2782,21092,0.007953
micro,p2_siemens,SIE.DE_FQ4_2025,20260809T103013Z,,deepseek-v4-flash,19438,,1895,21333,0.007282
micro,p2_spotify,SPOT_FQ1_2026,20260809T103154Z,,deepseek-v4-flash,17455,,2629,20084,0.007554
micro,p2_spotify,SPOT_FQ2_2025,20260809T103154Z,,deepseek-v4-flash,26505,,2783,29288,0.010166
micro,p2_spotify,SPOT_FQ3_2025,20260809T103154Z,,deepseek-v4-flash,26072,,3618,29690,0.010968
micro,p2_spotify,SPOT_FQ4_2025,20260809T103154Z,,deepseek-v4-flash,29291,,2048,31339,0.01011
micro,p2_standard_chartered,STAN.L_FQ1_2025,20260809T103356Z,,deepseek-v4-flash,43442,,2853,46295,0.014816
micro,p2_standard_chartered,STAN.L_FQ2_2025,20260809T103356Z,,deepseek-v4-flash,162357,,2018,164375,0.046005
micro,p2_standard_chartered,STAN.L_FQ3_2025,20260809T103356Z,,deepseek-v4-flash,47421,,2296,49717,0.015278
micro,p2_standard_chartered,STAN.L_FQ4_2025,20260809T103356Z,,deepseek-v4-flash,32593,,2412,35005,0.011402
micro,p2_starbucks,SBUX_FQ1_2026,20260809T103643Z,,deepseek-v4-flash,12545,,1722,14267,0.00523
micro,p2_starbucks,SBUX_FQ3_2025,20260809T103643Z,,deepseek-v4-flash,23175,,2466,25641,0.008919
micro,p2_starbucks,SBUX_FQ4_2025,20260809T103643Z,,deepseek-v4-flash,28078,,2632,30710,0.010425
micro,p2_target,TGT_FQ1_2025,20260730T175026Z,,deepseek-v4-flash,22146,,2324,24470,0.008485
micro,p2_target,TGT_FQ1_2026,20260730T175026Z,,deepseek-v4-flash,23228,,2411,25639,0.008872
micro,p2_target,TGT_FQ2_2025,20260730T175026Z,,deepseek-v4-flash,23648,,2113,25761,0.008658
micro,p2_target,TGT_FQ3_2025,20260730T175026Z,,deepseek-v4-flash,24287,,2065,26352,0.008778
micro,p2_tesla,TSLA_FQ1_2026,20260730T175143Z,,deepseek-v4-flash,14726,,1812,16538,0.005918
micro,p2_tesla,TSLA_FQ3_2025,20260730T175143Z,,deepseek-v4-flash,17647,,1736,19383,0.006623
micro,p2_tesla,TSLA_FQ4_2025,20260730T175143Z,,deepseek-v4-flash,17317,,2041,19358,0.006869
micro,p2_uber,UBER_FQ1_2025,20260730T175227Z,,deepseek-v4-flash,19530,,2215,21745,0.007658
micro,p2_uber,UBER_FQ1_2026,20260730T175227Z,,deepseek-v4-flash,20538,,2198,22736,0.007912
micro,p2_uber,UBER_FQ2_2025,20260730T175227Z,,deepseek-v4-flash,19142,,2297,21439,0.007644
micro,p2_uber,UBER_FQ4_2025,20260730T175227Z,,deepseek-v4-flash,23097,,2257,25354,0.008668
micro,p2_united_airlines,UAL_FQ1_2025,20260721T160152Z,,deepseek-v4-flash,62499,,2051,64550,0.01908
micro,p2_united_airlines,UAL_FQ2_2025,20260721T160152Z,,deepseek-v4-flash,65722,,1638,67360,0.019496
micro,p2_united_airlines,UAL_FQ3_2025,20260721T160152Z,,deepseek-v4-flash,35138,,2507,37645,0.012194
micro,p2_united_airlines,UAL_FQ4_2025,20260721T160152Z,,deepseek-v4-flash,159236,,2586,161822,0.045787
micro,p2_unitedhealth,UNH_FQ2_2025,20260809T103808Z,,deepseek-v4-flash,37280,,2930,40210,0.013237
micro,p2_unitedhealth,UNH_FQ3_2025,20260809T103808Z,,deepseek-v4-flash,29525,,2674,32199,0.010862
micro,p2_unitedhealth,UNH_FQ4_2025,20260809T103808Z,,deepseek-v4-flash,32691,,2821,35512,0.011878
micro,p2_visa,V_FQ1_2025,20260809T103938Z,,deepseek-v4-flash,28823,,1836,30659,0.009751
micro,p2_visa,V_FQ1_2026,20260809T103938Z,,deepseek-v4-flash,30631,,2429,33060,0.010891
micro,p2_visa,V_FQ2_2025,20260809T103938Z,,deepseek-v4-flash,29431,,2210,31641,0.004515
micro,p2_visa,V_FQ3_2025,20260809T103938Z,,deepseek-v4-flash,31026,,2783,33809,0.011387
micro,p2_walmart,WMT_FQ1_2025,20260718T215335Z,,deepseek-v4-flash,42215,,2275,44490,0.005478
micro,p2_walmart,WMT_FQ1_2026,20260718T215335Z,,deepseek-v4-flash,40635,,2625,43260,0.005744
micro,p2_walmart,WMT_FQ2_2025,20260718T215335Z,,deepseek-v4-flash,44349,,2617,46966,0.005995
micro,p2_walmart,WMT_FQ3_2025,20260718T215335Z,,deepseek-v4-flash,44802,,2150,46952,0.005502
micro,p2_walmart,WMT_FQ4_2025,20260718T215335Z,,deepseek-v4-flash,43931,,3325,47256,0.006738
micro,p2_workday,WDAY_FQ1_2025,20260809T104202Z,,deepseek-v4-flash,12571,,1909,14480,0.005443
micro,p2_workday,WDAY_FQ2_2025,20260809T104202Z,,deepseek-v4-flash,82780,,3072,85852,0.025679
micro,p2_workday,WDAY_FQ3_2025,20260809T104202Z,,deepseek-v4-flash,26866,,2328,29194,0.004464
micro,p2_workday,WDAY_FQ4_2025,20260809T104202Z,,deepseek-v4-flash,85102,,3186,88288,0.026431
micro_ext,p2_adobe_ext2026_08_13,ADBE_FQ1_2026,20260813T215542Z,,deepseek-v4-flash,20976,,2287,23263,0.008128
micro_ext,p2_adobe_ext2026_08_13,ADBE_FQ2_2026,20260813T215542Z,,deepseek-v4-flash,23010,,2199,25209,0.00858
micro_ext,p2_adobe_ext2026_08_13,ADBE_FQ3_2025,20260813T215542Z,,deepseek-v4-flash,22790,,1811,24601,0.008094
micro_ext,p2_adobe_ext2026_08_13,ADBE_FQ4_2025,20260813T215542Z,,deepseek-v4-flash,22188,,2182,24370,0.003962
micro_ext,p2_american_express_ext2026_08_13,AXP_FQ1_2026,20260813T215705Z,,deepseek-v4-flash,18007,,2172,20179,0.0072
micro_ext,p2_american_express_ext2026_08_13,AXP_FQ2_2025,20260813T215705Z,,deepseek-v4-flash,22948,,1800,24748,0.008125
micro_ext,p2_american_express_ext2026_08_13,AXP_FQ3_2025,20260813T215705Z,,deepseek-v4-flash,18597,,2150,20747,0.007335
micro_ext,p2_american_express_ext2026_08_13,AXP_FQ4_2025,20260813T215705Z,,deepseek-v4-flash,19466,,2605,22071,0.00807
micro_ext,p2_chevron_ext2026_08_13,CVX_FQ1_2026,20260813T215809Z,,deepseek-v4-flash,20784,,2242,23026,0.003931
micro_ext,p2_chevron_ext2026_08_13,CVX_FQ2_2025,20260813T215809Z,,deepseek-v4-flash,20872,,2349,23221,0.008168
micro_ext,p2_chevron_ext2026_08_13,CVX_FQ3_2025,20260813T215809Z,,deepseek-v4-flash,21144,,2378,23522,0.008273
micro_ext,p2_chevron_ext2026_08_13,CVX_FQ4_2025,20260813T215809Z,,deepseek-v4-flash,24129,,2610,26739,0.009335
micro_ext,p2_colgate_palmolive_ext2026_08_13,CL_FQ1_2026,20260813T152734Z,,deepseek-v4-flash,9634,,2022,11656,0.004774
micro_ext,p2_colgate_palmolive_ext2026_08_13,CL_FQ2_2026,20260813T152734Z,,deepseek-v4-flash,11438,,2391,13829,0.005667
micro_ext,p2_colgate_palmolive_ext2026_08_13,CL_FQ3_2025,20260813T152734Z,,deepseek-v4-flash,11180,,1790,12970,0.004936
micro_ext,p2_colgate_palmolive_ext2026_08_13,CL_FQ4_2025,20260813T152734Z,,deepseek-v4-flash,12108,,2971,15079,0.006486
micro_ext,p2_costco_ext2026_08_13,COST_FQ1_2026,20260813T221957Z,,deepseek-v4-flash,21385,,2630,24015,0.008616
micro_ext,p2_costco_ext2026_08_13,COST_FQ2_2026,20260813T221957Z,,deepseek-v4-flash,21356,,2441,23797,0.0084
micro_ext,p2_costco_ext2026_08_13,COST_FQ3_2026,20260813T221957Z,,deepseek-v4-flash,18814,,2510,21324,0.00779
micro_ext,p2_costco_ext2026_08_13,COST_FQ4_2025,20260813T221957Z,,deepseek-v4-flash,20271,,2588,22859,0.008269
micro_ext,p2_datadog_ext2026_08_13,DDOG_FQ1_2026,20260813T215943Z,,deepseek-v4-flash,20651,,1888,22539,0.007601
micro_ext,p2_datadog_ext2026_08_13,DDOG_FQ2_2025,20260813T215943Z,,deepseek-v4-flash,11228,,2125,13353,0.005318
micro_ext,p2_datadog_ext2026_08_13,DDOG_FQ3_2025,20260813T215943Z,,deepseek-v4-flash,24625,,1747,26372,0.008519
micro_ext,p2_datadog_ext2026_08_13,DDOG_FQ4_2025,20260813T215943Z,,deepseek-v4-flash,24723,,2480,27203,0.009352
micro_ext,p2_duke_energy_ext2026_08_13,DUK_FQ1_2023,20260813T220233Z,,deepseek-v4-flash,25575,,1800,27375,0.003791
micro_ext,p2_duke_energy_ext2026_08_13,DUK_FQ1_2024,20260813T220233Z,,deepseek-v4-flash,33223,,2714,35937,0.005325
micro_ext,p2_duke_energy_ext2026_08_13,DUK_FQ1_2025,20260813T220233Z,,deepseek-v4-flash,25544,,1908,27452,0.008944
micro_ext,p2_duke_energy_ext2026_08_13,DUK_FQ1_2026,20260813T220233Z,,deepseek-v4-flash,27670,,2182,29852,0.00982
micro_ext,p2_duke_energy_ext2026_08_13,DUK_FQ2_2023,20260813T220233Z,,deepseek-v4-flash,44223,,1771,45994,0.005056
micro_ext,p2_duke_energy_ext2026_08_13,DUK_FQ2_2024,20260813T220233Z,,deepseek-v4-flash,32114,,2128,34242,0.01096
micro_ext,p2_duke_energy_ext2026_08_13,DUK_FQ2_2025,20260813T220233Z,,deepseek-v4-flash,32574,,2435,35009,0.011422
micro_ext,p2_duke_energy_ext2026_08_13,DUK_FQ3_2023,20260813T220233Z,,deepseek-v4-flash,42919,,1719,44638,0.004903
micro_ext,p2_duke_energy_ext2026_08_13,DUK_FQ3_2024,20260813T220233Z,,deepseek-v4-flash,37443,,2535,39978,0.012847
micro_ext,p2_duke_energy_ext2026_08_13,DUK_FQ3_2025,20260813T220233Z,,deepseek-v4-flash,33564,,2233,35797,0.011467
micro_ext,p2_duke_energy_ext2026_08_13,DUK_FQ4_2023,20260813T220233Z,,deepseek-v4-flash,36303,,1768,38071,0.004502
micro_ext,p2_duke_energy_ext2026_08_13,DUK_FQ4_2024,20260813T220233Z,,deepseek-v4-flash,37393,,2479,39872,0.005348
micro_ext,p2_duke_energy_ext2026_08_13,DUK_FQ4_2025,20260813T220233Z,,deepseek-v4-flash,36788,,2279,39067,0.012388
micro_ext,p2_ebay_ext2026_08_13,EBAY_FQ1_2025,20260813T220558Z,,deepseek-v4-flash,10390,,1815,12205,0.002728
micro_ext,p2_ebay_ext2026_08_13,EBAY_FQ1_2026,20260813T220558Z,,deepseek-v4-flash,10993,,2558,13551,0.005731
micro_ext,p2_ebay_ext2026_08_13,EBAY_FQ2_2025,20260813T220558Z,,deepseek-v4-flash,11123,,2015,13138,0.005169
micro_ext,p2_ebay_ext2026_08_13,EBAY_FQ3_2025,20260813T220558Z,,deepseek-v4-flash,11638,,1619,13257,0.004872
micro_ext,p2_exxonmobil_ext2026_08_13,XOM_FQ1_2023,20260813T220711Z,,deepseek-v4-flash,24597,,2075,26672,0.008872
micro_ext,p2_exxonmobil_ext2026_08_13,XOM_FQ1_2024,20260813T220711Z,,deepseek-v4-flash,25961,,2714,28675,0.009944
micro_ext,p2_exxonmobil_ext2026_08_13,XOM_FQ1_2025,20260813T220711Z,,deepseek-v4-flash,27100,,1632,28732,0.009061
micro_ext,p2_exxonmobil_ext2026_08_13,XOM_FQ1_2026,20260813T220711Z,,deepseek-v4-flash,28508,,2456,30964,0.010348
micro_ext,p2_exxonmobil_ext2026_08_13,XOM_FQ2_2023,20260813T220711Z,,deepseek-v4-flash,58028,,2811,60839,0.018708
micro_ext,p2_exxonmobil_ext2026_08_13,XOM_FQ2_2024,20260813T220711Z,,deepseek-v4-flash,28049,,2749,30798,0.010546
micro_ext,p2_exxonmobil_ext2026_08_13,XOM_FQ2_2025,20260813T220711Z,,deepseek-v4-flash,29062,,2149,31211,0.010159
micro_ext,p2_exxonmobil_ext2026_08_13,XOM_FQ3_2023,20260813T220711Z,,deepseek-v4-flash,29586,,2418,32004,0.010597
micro_ext,p2_exxonmobil_ext2026_08_13,XOM_FQ3_2024,20260813T220711Z,,deepseek-v4-flash,30796,,2103,32899,0.010577
micro_ext,p2_exxonmobil_ext2026_08_13,XOM_FQ3_2025,20260813T220711Z,,deepseek-v4-flash,28567,,2088,30655,0.009959
micro_ext,p2_exxonmobil_ext2026_08_13,XOM_FQ4_2023,20260813T220711Z,,deepseek-v4-flash,45857,,2266,48123,0.014823
micro_ext,p2_exxonmobil_ext2026_08_13,XOM_FQ4_2024,20260813T220711Z,,deepseek-v4-flash,30381,,2176,32557,0.010545
micro_ext,p2_exxonmobil_ext2026_08_13,XOM_FQ4_2025,20260813T220711Z,,deepseek-v4-flash,30923,,2117,33040,0.010627
micro_ext,p2_freeport_mcmoran_ext2026_08_13,FCX_FQ1_2026,20260813T221019Z,,deepseek-v4-flash,39661,,2043,41704,0.012905
micro_ext,p2_freeport_mcmoran_ext2026_08_13,FCX_FQ2_2025,20260813T221019Z,,deepseek-v4-flash,48417,,2060,50477,0.015287
micro_ext,p2_freeport_mcmoran_ext2026_08_13,FCX_FQ4_2025,20260813T221019Z,,deepseek-v4-flash,48368,,3408,51776,0.016757
micro_ext,p2_heineken_ext2026_08_13,HEINY_FQ1_2024,20260813T221107Z,,deepseek-v4-flash,9962,,1858,11820,0.004682
micro_ext,p2_heineken_ext2026_08_13,HEINY_FQ2_2024,20260813T221107Z,,deepseek-v4-flash,32977,,2296,35273,0.011378
micro_ext,p2_heineken_ext2026_08_13,HEINY_FQ3_2024,20260813T221107Z,,deepseek-v4-flash,11275,,2136,13411,0.005343
micro_ext,p2_heineken_ext2026_08_13,HEINY_FQ3_2025,20260813T221107Z,,deepseek-v4-flash,12543,,2287,14830,0.005851
micro_ext,p2_hermes_ext2026_08_13,RMS_FQ1_2025,20260813T221206Z,,deepseek-v4-flash,12889,,1669,14558,0.005265
micro_ext,p2_hermes_ext2026_08_13,RMS_FQ2_2025,20260813T221206Z,,deepseek-v4-flash,19347,,2621,21968,0.008056
micro_ext,p2_hermes_ext2026_08_13,RMS_FQ3_2025,20260813T221206Z,,deepseek-v4-flash,12604,,1980,14584,0.00553
micro_ext,p2_hermes_ext2026_08_13,RMS_FQ4_2025,20260813T221206Z,,deepseek-v4-flash,23812,,2081,25893,0.008667
micro_ext,p2_home_depot_ext2026_08_13,HD_FQ1_2026,20260813T221302Z,,deepseek-v4-flash,18570,,2793,21363,0.008035
micro_ext,p2_home_depot_ext2026_08_13,HD_FQ2_2025,20260813T221302Z,,deepseek-v4-flash,21299,,2687,23986,0.008655
micro_ext,p2_home_depot_ext2026_08_13,HD_FQ3_2025,20260813T221302Z,,deepseek-v4-flash,18106,,2576,20682,0.007671
micro_ext,p2_home_depot_ext2026_08_13,HD_FQ4_2025,20260813T221302Z,,deepseek-v4-flash,21544,,2658,24202,0.008689
micro_ext,p2_intel_ext2026_08_13,INTC_FQ1_2026,20260813T221409Z,,deepseek-v4-flash,11031,,2658,13689,0.005851
micro_ext,p2_intel_ext2026_08_13,INTC_FQ2_2025,20260813T221409Z,,deepseek-v4-flash,25806,,2386,28192,0.009541
micro_ext,p2_intel_ext2026_08_13,INTC_FQ3_2025,20260813T221409Z,,deepseek-v4-flash,26164,,1917,28081,0.009122
micro_ext,p2_intel_ext2026_08_13,INTC_FQ4_2025,20260813T221409Z,,deepseek-v4-flash,27486,,2905,30391,0.010566
micro_ext,p2_mastercard_ext2026_08_13,MA_FQ1_2026,20260813T221511Z,,deepseek-v4-flash,25109,,1548,26657,0.008431
micro_ext,p2_mastercard_ext2026_08_13,MA_FQ2_2025,20260813T221511Z,,deepseek-v4-flash,30613,,2003,32616,0.010418
micro_ext,p2_mastercard_ext2026_08_13,MA_FQ3_2025,20260813T221511Z,,deepseek-v4-flash,29180,,1823,31003,0.009833
micro_ext,p2_mastercard_ext2026_08_13,MA_FQ4_2025,20260813T221511Z,,deepseek-v4-flash,29057,,2697,31754,0.010761
micro_ext,p2_nestle_ext2026_08_13,NSRGY_FQ1_2026,20260813T221602Z,,deepseek-v4-flash,18651,,2370,21021,0.007592
micro_ext,p2_nestle_ext2026_08_13,NSRGY_FQ3_2024,20260813T221602Z,,deepseek-v4-flash,19034,,1814,20848,0.007083
micro_ext,p2_shell_ext2026_08_13,SHEL_FQ1_2026,20260813T221632Z,,deepseek-v4-flash,10858,,2465,13323,0.005592
micro_ext,p2_shell_ext2026_08_13,SHEL_FQ2_2025,20260813T221632Z,,deepseek-v4-flash,10593,,2293,12886,0.005331
micro_ext,p2_shell_ext2026_08_13,SHEL_FQ3_2025,20260813T221632Z,,deepseek-v4-flash,10257,,1880,12137,0.004786
micro_ext,p2_shell_ext2026_08_13,SHEL_FQ4_2025,20260813T221632Z,,deepseek-v4-flash,12272,,2267,14539,0.005756
micro_ext,p2_shopify_ext2026_08_13,SHOP_FQ1_2026,20260813T221728Z,,deepseek-v4-flash,22211,,2959,25170,0.009201
micro_ext,p2_shopify_ext2026_08_13,SHOP_FQ3_2025,20260813T221728Z,,deepseek-v4-flash,22252,,2119,24371,0.008288
micro_ext,p2_shopify_ext2026_08_13,SHOP_FQ4_2025,20260813T221728Z,,deepseek-v4-flash,20144,,2466,22610,0.0081
micro_ext,p2_sony_ext2026_08_13,SONY_FQ1_2026,20260813T221813Z,,deepseek-v4-flash,11537,,2679,14216,0.006011
micro_ext,p2_sony_ext2026_08_13,SONY_FQ2_2025,20260813T221813Z,,deepseek-v4-flash,11506,,2213,13719,0.00549
micro_ext,p2_sony_ext2026_08_13,SONY_FQ3_2025,20260813T221813Z,,deepseek-v4-flash,11611,,2700,14311,0.006054
micro_ext,p2_union_pacific_ext2026_08_13,UNP_FQ1_2026,20260813T221900Z,,deepseek-v4-flash,20752,,2362,23114,0.00815
micro_ext,p2_union_pacific_ext2026_08_13,UNP_FQ2_2025,20260813T221900Z,,deepseek-v4-flash,25626,,1949,27575,0.009012
micro_ext,p2_union_pacific_ext2026_08_13,UNP_FQ3_2025,20260813T221900Z,,deepseek-v4-flash,30605,,1997,32602,0.010409
micro_ext,p2_union_pacific_ext2026_08_13,UNP_FQ4_2025,20260813T221900Z,,deepseek-v4-flash,33902,,2946,36848,0.012343
news,p2_airbnb,ABNB_FQ1_2026_NEWS,20260720T161519Z,2026-07-20T16:15:26Z,deepseek-v4-flash,3621,256,1005,4626,0.002032
news,p2_airbnb,ABNB_FQ2_2025_NEWS,20260720T161454Z,2026-07-20T16:15:05Z,deepseek-v4-flash,3722,256,1300,5022,0.002384
news,p2_airbnb,ABNB_FQ3_2025_NEWS,20260720T161505Z,2026-07-20T16:15:12Z,deepseek-v4-flash,3483,256,986,4469,0.001974
news,p2_airbnb,ABNB_FQ4_2025_NEWS,20260720T161512Z,2026-07-20T16:15:19Z,deepseek-v4-flash,3455,256,878,4333,0.001847
news,p2_allianz,ALV.DE_FQ1_2025_NEWS,20260809T094505Z,2026-08-09T09:45:14Z,deepseek-v4-flash,3858,0,1281,5139,0.002451
news,p2_alphabet,GOOGL_FQ1_2026_NEWS,20260809T095002Z,2026-08-09T09:50:11Z,deepseek-v4-flash,4191,256,1210,5401,0.002411
news,p2_alphabet,GOOGL_FQ3_2025_NEWS,20260809T094945Z,2026-08-09T09:49:53Z,deepseek-v4-flash,3854,256,1040,4894,0.002133
news,p2_alphabet,GOOGL_FQ4_2025_NEWS,20260809T094953Z,2026-08-09T09:50:02Z,deepseek-v4-flash,3908,256,1598,5506,0.002762
news,p2_amazon,AMZN_FQ1_2026_NEWS,20260720T161545Z,2026-07-20T16:15:57Z,deepseek-v4-flash,3668,256,1774,5442,0.002891
news,p2_amazon,AMZN_FQ3_2025_NEWS,20260720T161526Z,2026-07-20T16:15:34Z,deepseek-v4-flash,3546,256,1098,4644,0.002114
news,p2_amazon,AMZN_FQ4_2025_NEWS,20260720T161534Z,2026-07-20T16:15:45Z,deepseek-v4-flash,3616,256,1456,5072,0.002527
news,p2_amd,AMD_FQ1_2026_NEWS,20260720T161617Z,2026-07-20T16:16:26Z,deepseek-v4-flash,3633,256,1253,4886,0.002308
news,p2_amd,AMD_FQ2_2025_NEWS,20260720T161557Z,2026-07-20T16:16:07Z,deepseek-v4-flash,3630,256,1413,5043,0.002483
news,p2_amd,AMD_FQ4_2025_NEWS,20260720T161607Z,2026-07-20T16:16:17Z,deepseek-v4-flash,3562,256,1300,4862,0.002341
news,p2_apple,AAPL_FQ1_2026_NEWS,20260720T161645Z,2026-07-20T16:16:52Z,deepseek-v4-flash,3503,256,950,4453,0.00194
news,p2_apple,AAPL_FQ3_2025_NEWS,20260720T161626Z,2026-07-20T16:16:36Z,deepseek-v4-flash,3540,256,1383,4923,0.002426
news,p2_apple,AAPL_FQ4_2025_NEWS,20260720T161636Z,2026-07-20T16:16:45Z,deepseek-v4-flash,3566,256,1018,4584,0.002031
news,p2_bank_of_america,BAC_FQ1_2025_NEWS,20260720T162600Z,2026-07-20T16:26:11Z,deepseek-v4-flash,3468,256,1295,4763,0.00231
news,p2_bank_of_america,BAC_FQ2_2025_NEWS,20260720T162611Z,2026-07-20T16:26:17Z,deepseek-v4-flash,3394,256,778,4172,0.001721
news,p2_bank_of_america,BAC_FQ3_2025_NEWS,20260720T162617Z,2026-07-20T16:26:24Z,deepseek-v4-flash,3387,256,786,4173,0.001728
news,p2_bank_of_america,BAC_FQ4_2025_NEWS,20260720T162624Z,2026-07-20T16:26:31Z,deepseek-v4-flash,3368,256,909,4277,0.001858
news,p2_barclays,BCS_FQ1_2026_NEWS,20260730T175430Z,2026-07-30T17:54:37Z,deepseek-v4-flash,3451,256,958,4409,0.001934
news,p2_barclays,BCS_FQ2_2025_NEWS,20260730T175413Z,2026-07-30T17:54:21Z,deepseek-v4-flash,3514,256,1008,4522,0.002006
news,p2_barclays,BCS_FQ3_2025_NEWS,20260730T175421Z,2026-07-30T17:54:30Z,deepseek-v4-flash,3459,256,1210,4669,0.002214
news,p2_boeing,BA_FQ1_2025_NEWS,20260720T162631Z,2026-07-20T16:26:39Z,deepseek-v4-flash,3458,256,1046,4504,0.002033
news,p2_boeing,BA_FQ2_2025_NEWS,20260720T162639Z,2026-07-20T16:26:48Z,deepseek-v4-flash,3481,256,1180,4661,0.002187
news,p2_boeing,BA_FQ3_2025_NEWS,20260720T162648Z,2026-07-20T16:26:56Z,deepseek-v4-flash,3421,256,1050,4471,0.002027
news,p2_boeing,BA_FQ4_2025_NEWS,20260809T115546Z,2026-08-09T11:55:55Z,deepseek-v4-flash,3690,256,1166,4856,0.002228
news,p2_booking_holdings,BKNG_FQ2_2025_NEWS,20260809T095106Z,2026-08-09T09:51:16Z,deepseek-v4-flash,4241,256,1791,6032,0.003064
news,p2_booking_holdings,BKNG_FQ3_2025_NEWS,20260809T095116Z,2026-08-09T09:51:27Z,deepseek-v4-flash,4280,256,1941,6221,0.00324
news,p2_booking_holdings,BKNG_FQ4_2025_NEWS,20260809T095127Z,2026-08-09T09:51:39Z,deepseek-v4-flash,4581,256,2177,6758,0.00358
news,p2_broadcom,AVGO_FQ1_2026_NEWS,20260809T095248Z,2026-08-09T09:52:56Z,deepseek-v4-flash,3750,256,1283,5033,0.002373
news,p2_broadcom,AVGO_FQ3_2025_NEWS,20260809T095229Z,2026-08-09T09:52:38Z,deepseek-v4-flash,3639,256,1461,5100,0.002538
news,p2_broadcom,AVGO_FQ4_2025_NEWS,20260809T095238Z,2026-08-09T09:52:48Z,deepseek-v4-flash,3714,256,1809,5523,0.002941
news,p2_caterpillar,CAT_FQ2_2025_NEWS,20260809T095400Z,2026-08-09T09:54:08Z,deepseek-v4-flash,3654,256,1267,4921,0.002329
news,p2_caterpillar,CAT_FQ3_2025_NEWS,20260809T095408Z,2026-08-09T09:54:16Z,deepseek-v4-flash,3652,256,1196,4848,0.00225
news,p2_caterpillar,CAT_FQ4_2025_NEWS,20260809T095416Z,2026-08-09T09:54:23Z,deepseek-v4-flash,3646,256,1107,4753,0.002151
news,p2_charles_schwab,SCHW_FQ1_2025_NEWS,20260720T161701Z,2026-07-20T16:17:09Z,deepseek-v4-flash,3450,256,863,4313,0.00183
news,p2_charles_schwab,SCHW_FQ1_2026_NEWS,20260720T161737Z,2026-07-20T16:17:46Z,deepseek-v4-flash,3629,256,1399,5028,0.002468
news,p2_charles_schwab,SCHW_FQ2_2025_NEWS,20260720T161709Z,2026-07-20T16:17:18Z,deepseek-v4-flash,3522,256,1076,4598,0.002083
news,p2_charles_schwab,SCHW_FQ3_2025_NEWS,20260720T161718Z,2026-07-20T16:17:28Z,deepseek-v4-flash,3528,256,1223,4751,0.002247
news,p2_charles_schwab,SCHW_FQ4_2025_NEWS,20260720T161728Z,2026-07-20T16:17:37Z,deepseek-v4-flash,3574,256,1093,4667,0.002116
news,p2_chipotle,CMG_FQ1_2025_NEWS,20260809T095521Z,2026-08-09T09:55:29Z,deepseek-v4-flash,3844,256,1136,4980,0.002236
news,p2_chipotle,CMG_FQ2_2025_NEWS,20260809T095529Z,2026-08-09T09:55:37Z,deepseek-v4-flash,3833,256,1224,5057,0.00233
news,p2_chipotle,CMG_FQ3_2025_NEWS,20260809T095537Z,2026-08-09T09:55:46Z,deepseek-v4-flash,3842,256,1463,5305,0.002595
news,p2_chipotle,CMG_FQ4_2025_NEWS,20260809T095546Z,2026-08-09T09:55:54Z,deepseek-v4-flash,3858,256,1299,5157,0.002419
news,p2_citigroup,C_FQ1_2025_NEWS,20260720T161746Z,2026-07-20T16:17:54Z,deepseek-v4-flash,3487,256,1031,4518,0.002024
news,p2_citigroup,C_FQ2_2025_NEWS,20260720T161754Z,2026-07-20T16:18:01Z,deepseek-v4-flash,3515,256,932,4447,0.001923
news,p2_citigroup,C_FQ3_2025_NEWS,20260720T161801Z,2026-07-20T16:18:08Z,deepseek-v4-flash,3453,256,900,4353,0.001871
news,p2_citigroup,C_FQ4_2025_NEWS,20260720T161808Z,2026-07-20T16:18:17Z,deepseek-v4-flash,3454,256,1068,4522,0.002056
news,p2_coca_cola,KO_FQ1_2026_NEWS,20260720T161834Z,2026-07-20T16:18:42Z,deepseek-v4-flash,3629,256,1131,4760,0.002173
news,p2_coca_cola,KO_FQ2_2025_NEWS,20260720T161817Z,2026-07-20T16:18:25Z,deepseek-v4-flash,3566,256,954,4520,0.001961
news,p2_coca_cola,KO_FQ4_2025_NEWS,20260720T161825Z,2026-07-20T16:18:34Z,deepseek-v4-flash,3579,256,1275,4854,0.002318
news,p2_coinbase,COIN_FQ1_2026_NEWS,20260720T161900Z,2026-07-20T16:19:10Z,deepseek-v4-flash,3591,256,1267,4858,0.002312
news,p2_coinbase,COIN_FQ3_2025_NEWS,20260720T161842Z,2026-07-20T16:18:51Z,deepseek-v4-flash,3605,256,1308,4913,0.002361
news,p2_coinbase,COIN_FQ4_2025_NEWS,20260720T161851Z,2026-07-20T16:19:00Z,deepseek-v4-flash,3558,256,1237,4795,0.00227
news,p2_comcast_corporation,CMCSA_FQ1_2025_NEWS,20260809T095721Z,2026-08-09T09:57:29Z,deepseek-v4-flash,3810,256,1185,4995,0.002281
news,p2_comcast_corporation,CMCSA_FQ1_2026_NEWS,20260809T095746Z,2026-08-09T09:57:55Z,deepseek-v4-flash,3914,256,1346,5260,0.002486
news,p2_comcast_corporation,CMCSA_FQ2_2025_NEWS,20260809T095729Z,2026-08-09T09:57:39Z,deepseek-v4-flash,3828,256,1455,5283,0.002583
news,p2_comcast_corporation,CMCSA_FQ4_2025_NEWS,20260809T095739Z,2026-08-09T09:57:46Z,deepseek-v4-flash,3902,256,1088,4990,0.002199
news,p2_cvs_health,CVS_FQ1_2026_NEWS,20260720T161652Z,2026-07-20T16:17:01Z,deepseek-v4-flash,3631,256,1295,4926,0.002354
news,p2_cvs_health,CVS_FQ2_2025_NEWS,20260804T101048Z,2026-08-04T10:10:57Z,deepseek-v4-flash,3738,256,1313,5051,0.002402
news,p2_cvs_health,CVS_FQ3_2025_NEWS,20260804T101057Z,2026-08-04T10:11:06Z,deepseek-v4-flash,3719,256,1443,5162,0.00254
news,p2_cvs_health,CVS_FQ4_2025_NEWS,20260804T101106Z,2026-08-04T10:11:15Z,deepseek-v4-flash,3653,256,1411,5064,0.002487
news,p2_dell,DELL_FQ1_2025_NEWS,20260809T095858Z,2026-08-09T09:59:07Z,deepseek-v4-flash,4176,256,1436,5612,0.002656
news,p2_dell,DELL_FQ3_2025_NEWS,20260809T095907Z,2026-08-09T09:59:19Z,deepseek-v4-flash,4506,256,2287,6793,0.003681
news,p2_dell,DELL_FQ4_2025_NEWS,20260809T095919Z,2026-08-09T09:59:30Z,deepseek-v4-flash,4691,256,1776,6467,0.003169
news,p2_delta_air_lines,DAL_FQ1_2025_NEWS,20260809T100102Z,2026-08-09T10:01:11Z,deepseek-v4-flash,3752,256,1421,5173,0.002525
news,p2_delta_air_lines,DAL_FQ2_2025_NEWS,20260809T100111Z,2026-08-09T10:01:20Z,deepseek-v4-flash,3815,256,1538,5353,0.002671
news,p2_delta_air_lines,DAL_FQ3_2025_NEWS,20260809T100120Z,2026-08-09T10:01:31Z,deepseek-v4-flash,3811,256,1890,5701,0.003057
news,p2_delta_air_lines,DAL_FQ4_2025_NEWS,20260809T100131Z,2026-08-09T10:01:42Z,deepseek-v4-flash,4031,256,1949,5980,0.003181
news,p2_disney,DIS_FQ1_2025_NEWS,20260720T162656Z,2026-07-20T16:27:02Z,deepseek-v4-flash,3450,256,907,4357,0.001878
news,p2_disney,DIS_FQ3_2025_NEWS,20260809T113351Z,2026-08-09T11:34:00Z,deepseek-v4-flash,3621,256,1294,4915,0.00235
news,p2_disney,DIS_FQ4_2025_NEWS,20260720T162711Z,2026-07-20T16:27:18Z,deepseek-v4-flash,3458,256,848,4306,0.001815
news,p2_eli_lilly,LLY_FQ1_2026_NEWS,20260720T161928Z,2026-07-20T16:19:39Z,deepseek-v4-flash,3571,256,1323,4894,0.002368
news,p2_eli_lilly,LLY_FQ3_2025_NEWS,20260720T161910Z,2026-07-20T16:19:18Z,deepseek-v4-flash,3541,256,991,4532,0.001995
news,p2_eli_lilly,LLY_FQ4_2025_NEWS,20260720T161918Z,2026-07-20T16:19:28Z,deepseek-v4-flash,3524,256,1278,4802,0.002306
news,p2_expedia,EXPE_FQ1_2025_NEWS,20260809T100253Z,2026-08-09T10:03:03Z,deepseek-v4-flash,3700,256,1715,5415,0.002834
news,p2_expedia,EXPE_FQ1_2026_NEWS,20260809T100323Z,2026-08-09T10:03:34Z,deepseek-v4-flash,3996,256,1887,5883,0.003103
news,p2_expedia,EXPE_FQ2_2025_NEWS,20260809T100303Z,2026-08-09T10:03:13Z,deepseek-v4-flash,3798,256,1711,5509,0.002856
news,p2_expedia,EXPE_FQ4_2025_NEWS,20260809T100313Z,2026-08-09T10:03:23Z,deepseek-v4-flash,3838,256,1907,5745,0.003083
news,p2_fedex,FDX_FQ1_2026_NEWS,20260804T101356Z,2026-08-04T10:14:05Z,deepseek-v4-flash,3750,256,1323,5073,0.002417
news,p2_fedex,FDX_FQ2_2026_NEWS,20260804T101405Z,2026-08-04T10:14:15Z,deepseek-v4-flash,3752,256,1601,5353,0.002723
news,p2_fedex,FDX_FQ3_2026_NEWS,20260804T101415Z,2026-08-04T10:14:26Z,deepseek-v4-flash,3704,256,1633,5337,0.002745
news,p2_fedex,FDX_FQ4_2026_NEWS,20260804T101426Z,2026-08-04T10:14:38Z,deepseek-v4-flash,4005,256,1769,5774,0.002976
news,p2_ford,F_FQ1_2026_NEWS,20260730T175453Z,2026-07-30T17:55:00Z,deepseek-v4-flash,3458,256,966,4424,0.001945
news,p2_ford,F_FQ2_2025_NEWS,20260730T175437Z,2026-07-30T17:54:46Z,deepseek-v4-flash,3442,256,1036,4478,0.002018
news,p2_ford,F_FQ4_2025_NEWS,20260730T175446Z,2026-07-30T17:54:53Z,deepseek-v4-flash,3413,256,865,4278,0.001822
news,p2_general_mills,GIS_FQ2_2026_NEWS,20260809T100424Z,2026-08-09T10:04:32Z,deepseek-v4-flash,3717,256,1306,5023,0.002389
news,p2_general_mills,GIS_FQ3_2026_NEWS,20260809T113400Z,2026-08-09T11:34:12Z,deepseek-v4-flash,3855,256,2118,5973,0.003319
news,p2_general_mills,GIS_FQ4_2026_NEWS,20260809T100441Z,2026-08-09T10:04:50Z,deepseek-v4-flash,3787,256,1663,5450,0.002801
news,p2_goldman_sachs,GS_FQ1_2025_NEWS,20260720T161939Z,2026-07-20T16:19:48Z,deepseek-v4-flash,3458,256,1168,4626,0.002167
news,p2_goldman_sachs,GS_FQ1_2026_NEWS,20260720T162014Z,2026-07-20T16:20:22Z,deepseek-v4-flash,3575,256,1126,4701,0.002153
news,p2_goldman_sachs,GS_FQ2_2025_NEWS,20260720T161948Z,2026-07-20T16:19:56Z,deepseek-v4-flash,3498,256,1060,4558,0.002059
news,p2_goldman_sachs,GS_FQ2_2026_NEWS,20260730T175605Z,2026-07-30T17:56:15Z,deepseek-v4-flash,4022,256,1414,5436,0.00259
news,p2_goldman_sachs,GS_FQ3_2025_NEWS,20260720T161956Z,2026-07-20T16:20:05Z,deepseek-v4-flash,3548,256,1024,4572,0.002033
news,p2_goldman_sachs,GS_FQ4_2025_NEWS,20260720T162005Z,2026-07-20T16:20:14Z,deepseek-v4-flash,3577,256,1177,4754,0.002209
news,p2_hilton,HLT_FQ1_2025_NEWS,20260804T103226Z,2026-08-04T10:32:35Z,deepseek-v4-flash,3499,256,1093,4592,0.002096
news,p2_hilton,HLT_FQ1_2026_NEWS,20260804T103253Z,2026-08-04T10:33:03Z,deepseek-v4-flash,3513,256,1323,4836,0.002353
news,p2_hilton,HLT_FQ2_2025_NEWS,20260804T103235Z,2026-08-04T10:32:44Z,deepseek-v4-flash,3503,256,1140,4643,0.002149
news,p2_hilton,HLT_FQ3_2024_NEWS,20260804T103216Z,2026-08-04T10:32:26Z,deepseek-v4-flash,3565,256,1576,5141,0.002645
news,p2_hilton,HLT_FQ4_2025_NEWS,20260804T103244Z,2026-08-04T10:32:53Z,deepseek-v4-flash,3610,256,1288,4898,0.00234
news,p2_ibm,IBM_FQ1_2026_NEWS,20260720T162037Z,2026-07-20T16:20:47Z,deepseek-v4-flash,3559,256,1145,4704,0.002169
news,p2_ibm,IBM_FQ2_2025_NEWS,20260720T162022Z,2026-07-20T16:20:30Z,deepseek-v4-flash,3572,256,1120,4692,0.002145
news,p2_ibm,IBM_FQ4_2025_NEWS,20260720T162030Z,2026-07-20T16:20:37Z,deepseek-v4-flash,3452,256,827,4279,0.001791
news,p2_johnson_johnson,JNJ_FQ1_2025_NEWS,20260809T100600Z,2026-08-09T10:06:08Z,deepseek-v4-flash,3798,256,1260,5058,0.00236
news,p2_johnson_johnson,JNJ_FQ2_2025_NEWS,20260809T100608Z,2026-08-09T10:06:18Z,deepseek-v4-flash,3886,256,1674,5560,0.002839
news,p2_johnson_johnson,JNJ_FQ3_2025_NEWS,20260809T100618Z,2026-08-09T10:06:26Z,deepseek-v4-flash,3702,256,1396,5098,0.002484
news,p2_jpm,JPM_FQ1_2025_NEWS,20260720T162718Z,2026-07-20T16:27:32Z,deepseek-v4-flash,4225,256,1652,5877,0.002907
news,p2_jpm,JPM_FQ1_2026_NEWS,20260804T102832Z,2026-08-04T10:32:15Z,deepseek-v4-flash,3699,256,1314,5013,0.002393
news,p2_jpm,JPM_FQ2_2025_NEWS,20260720T162732Z,2026-07-20T16:27:42Z,deepseek-v4-flash,3431,256,1210,4641,0.002206
news,p2_jpm,JPM_FQ3_2025_NEWS,20260720T162742Z,2026-07-20T16:27:49Z,deepseek-v4-flash,3389,256,789,4178,0.001732
news,p2_jpm,JPM_FQ4_2025_NEWS,20260720T162749Z,2026-07-20T16:27:59Z,deepseek-v4-flash,3469,256,1314,4783,0.002331
news,p2_kraft_heinz,KHC_FQ1_2025_NEWS,20260809T100728Z,2026-08-09T10:07:37Z,deepseek-v4-flash,4070,256,1331,5401,0.002512
news,p2_kraft_heinz,KHC_FQ1_2026_NEWS,20260809T115555Z,2026-08-09T11:56:05Z,deepseek-v4-flash,4178,256,1609,5787,0.002847
news,p2_kraft_heinz,KHC_FQ4_2024_NEWS,20260809T100719Z,2026-08-09T10:07:28Z,deepseek-v4-flash,3881,256,1492,5373,0.002638
news,p2_lenovo,LNVGY_FQ1_2026_NEWS,20260809T100835Z,2026-08-09T10:08:44Z,deepseek-v4-flash,3777,256,1200,4977,0.002289
news,p2_lenovo,LNVGY_FQ2_2026_NEWS,20260809T100844Z,2026-08-09T10:08:51Z,deepseek-v4-flash,3892,256,1198,5090,0.002317
news,p2_lenovo,LNVGY_FQ3_2026_NEWS,20260809T100851Z,2026-08-09T10:09:02Z,deepseek-v4-flash,3980,256,1839,5819,0.003046
news,p2_lenovo,LNVGY_FQ4_2026_NEWS,20260809T100902Z,2026-08-09T10:09:12Z,deepseek-v4-flash,4074,256,1679,5753,0.002896
news,p2_linde,LIN_FQ1_2026_NEWS,20260809T101051Z,2026-08-09T10:10:59Z,deepseek-v4-flash,3958,256,1163,5121,0.002297
news,p2_linde,LIN_FQ2_2025_NEWS,20260809T101032Z,2026-08-09T10:10:40Z,deepseek-v4-flash,3713,256,1110,4823,0.002172
news,p2_linde,LIN_FQ3_2025_NEWS,20260809T101040Z,2026-08-09T10:10:51Z,deepseek-v4-flash,3820,256,1506,5326,0.002637
news,p2_lockheed_martin,LMT_FQ1_2025_NEWS,20260804T101438Z,2026-08-04T10:14:51Z,deepseek-v4-flash,4018,256,2196,6214,0.003449
news,p2_lockheed_martin,LMT_FQ2_2025_NEWS,20260804T101451Z,2026-08-04T10:15:01Z,deepseek-v4-flash,3832,256,1793,5625,0.002956
news,p2_lockheed_martin,LMT_FQ3_2025_NEWS,20260804T101501Z,2026-08-04T10:15:11Z,deepseek-v4-flash,3784,256,1560,5344,0.002686
news,p2_lockheed_martin,LMT_FQ4_2025_NEWS,20260804T101511Z,2026-08-04T10:15:24Z,deepseek-v4-flash,3947,256,2240,6187,0.003478
news,p2_lowes,LOW_FQ1_2025_NEWS,20260720T162047Z,2026-07-20T16:20:56Z,deepseek-v4-flash,3581,256,1302,4883,0.002348
news,p2_lowes,LOW_FQ1_2026_NEWS,20260720T162118Z,2026-07-20T16:21:27Z,deepseek-v4-flash,3491,256,1202,4693,0.002214
news,p2_lowes,LOW_FQ2_2025_NEWS,20260720T162056Z,2026-07-20T16:21:05Z,deepseek-v4-flash,3499,256,1143,4642,0.002151
news,p2_lowes,LOW_FQ3_2025_NEWS,20260720T162105Z,2026-07-20T16:21:11Z,deepseek-v4-flash,3489,256,735,4224,0.001699
news,p2_lowes,LOW_FQ4_2025_NEWS,20260720T162111Z,2026-07-20T16:21:18Z,deepseek-v4-flash,3447,256,863,4310,0.001829
news,p2_lululemon,LULU_FQ1_2026_NEWS,20260720T162142Z,2026-07-20T16:21:50Z,deepseek-v4-flash,3571,256,1090,4661,0.002112
news,p2_lululemon,LULU_FQ3_2025_NEWS,20260720T162127Z,2026-07-20T16:21:35Z,deepseek-v4-flash,3599,256,1118,4717,0.00215
news,p2_lululemon,LULU_FQ4_2025_NEWS,20260720T162135Z,2026-07-20T16:21:42Z,deepseek-v4-flash,3493,256,809,4302,0.001782
news,p2_lvmh,MC.PA_FQ2_2025_NEWS,20260804T101600Z,2026-08-04T10:16:10Z,deepseek-v4-flash,3829,256,1649,5478,0.002797
news,p2_lvmh,MC.PA_FQ4_2025_NEWS,20260804T101610Z,2026-08-04T10:16:21Z,deepseek-v4-flash,3911,256,1564,5475,0.002725
news,p2_maersk,AMKBY_FQ2_2025_NEWS,20260720T162150Z,2026-07-20T16:21:59Z,deepseek-v4-flash,3555,256,1195,4750,0.002223
news,p2_maersk,AMKBY_FQ3_2025_NEWS,20260720T162159Z,2026-07-20T16:22:09Z,deepseek-v4-flash,3602,256,1037,4639,0.002062
news,p2_marriott,MAR_FQ1_2026_NEWS,20260804T103328Z,2026-08-04T10:33:36Z,deepseek-v4-flash,3525,256,1111,4636,0.002123
news,p2_marriott,MAR_FQ2_2025_NEWS,20260804T103303Z,2026-08-04T10:33:12Z,deepseek-v4-flash,3509,256,1039,4548,0.002039
news,p2_marriott,MAR_FQ3_2025_NEWS,20260804T103312Z,2026-08-04T10:33:19Z,deepseek-v4-flash,3479,256,976,4455,0.001962
news,p2_marriott,MAR_FQ4_2025_NEWS,20260804T103319Z,2026-08-04T10:33:28Z,deepseek-v4-flash,3505,256,988,4493,0.001982
news,p2_mcdonalds,MCD_FQ1_2026_NEWS,20260720T162224Z,2026-07-20T16:22:34Z,deepseek-v4-flash,3493,256,1104,4597,0.002106
news,p2_mcdonalds,MCD_FQ4_2024_NEWS,20260720T162209Z,2026-07-20T16:22:17Z,deepseek-v4-flash,3508,256,1051,4559,0.002052
news,p2_mcdonalds,MCD_FQ4_2025_NEWS,20260720T162217Z,2026-07-20T16:22:24Z,deepseek-v4-flash,3553,256,897,4450,0.001895
news,p2_meta,META_FQ1_2026_NEWS,20260720T162256Z,2026-07-20T16:23:07Z,deepseek-v4-flash,3607,256,1301,4908,0.002354
news,p2_meta,META_FQ3_2025_NEWS,20260720T162234Z,2026-07-20T16:22:46Z,deepseek-v4-flash,3546,256,1641,5187,0.002711
news,p2_meta,META_FQ4_2025_NEWS,20260720T162246Z,2026-07-20T16:22:56Z,deepseek-v4-flash,3477,256,1275,4752,0.00229
news,p2_metlife,MET_FQ1_2026_NEWS,20260809T101342Z,2026-08-09T10:13:50Z,deepseek-v4-flash,4065,256,1255,5320,0.002427
news,p2_metlife,MET_FQ2_2024_NEWS,20260809T101259Z,2026-08-09T10:13:09Z,deepseek-v4-flash,3913,256,1332,5245,0.002471
news,p2_metlife,MET_FQ2_2025_NEWS,20260809T101317Z,2026-08-09T10:13:25Z,deepseek-v4-flash,3746,256,1080,4826,0.002148
news,p2_metlife,MET_FQ3_2024_NEWS,20260809T101309Z,2026-08-09T10:13:17Z,deepseek-v4-flash,4014,256,1326,5340,0.002491
news,p2_metlife,MET_FQ3_2025_NEWS,20260809T101325Z,2026-08-09T10:13:32Z,deepseek-v4-flash,3823,256,994,4817,0.002074
news,p2_metlife,MET_FQ4_2025_NEWS,20260809T101332Z,2026-08-09T10:13:42Z,deepseek-v4-flash,3985,256,1542,5527,0.002721
news,p2_micron,MU_FQ1_2026_NEWS,20260809T101452Z,2026-08-09T10:15:02Z,deepseek-v4-flash,4147,256,1528,5675,0.002749
news,p2_micron,MU_FQ2_2026_NEWS,20260809T101502Z,2026-08-09T10:15:14Z,deepseek-v4-flash,4451,256,1912,6363,0.003254
news,p2_micron,MU_FQ4_2025_NEWS,20260809T101441Z,2026-08-09T10:14:52Z,deepseek-v4-flash,4070,256,1721,5791,0.002941
news,p2_microsoft,MSFT_FQ1_2025_NEWS,20260730T175500Z,2026-07-30T17:55:08Z,deepseek-v4-flash,3428,256,885,4313,0.001848
news,p2_microsoft,MSFT_FQ1_2026_NEWS,20260730T175516Z,2026-07-30T17:55:26Z,deepseek-v4-flash,3471,256,1157,4628,0.002159
news,p2_microsoft,MSFT_FQ2_2025_NEWS,20260730T175508Z,2026-07-30T17:55:16Z,deepseek-v4-flash,3413,256,1065,4478,0.002042
news,p2_netflix,NFLX_FQ1_2025_NEWS,20260720T162759Z,2026-07-20T16:28:09Z,deepseek-v4-flash,3432,256,1111,4543,0.002098
news,p2_netflix,NFLX_FQ1_2026_NEWS,20260720T162840Z,2026-07-20T16:28:49Z,deepseek-v4-flash,3425,256,1010,4435,0.001985
news,p2_netflix,NFLX_FQ2_2025_NEWS,20260720T162809Z,2026-07-20T16:28:20Z,deepseek-v4-flash,3493,256,1304,4797,0.002326
news,p2_netflix,NFLX_FQ3_2025_NEWS,20260720T162820Z,2026-07-20T16:28:29Z,deepseek-v4-flash,3452,256,1024,4476,0.002007
news,p2_netflix,NFLX_FQ4_2024_NEWS,20260730T175615Z,2026-07-30T17:56:28Z,deepseek-v4-flash,3898,256,1711,5609,0.002883
news,p2_netflix,NFLX_FQ4_2025_NEWS,20260720T162829Z,2026-07-20T16:28:40Z,deepseek-v4-flash,3462,256,1380,4842,0.002402
news,p2_nike,NKE_FQ1_2025_NEWS,20260809T113329Z,2026-08-09T11:33:37Z,deepseek-v4-flash,3569,256,1261,4830,0.0023
news,p2_nike,NKE_FQ2_2025_NEWS,20260809T113337Z,2026-08-09T11:33:45Z,deepseek-v4-flash,3608,256,1080,4688,0.002111
news,p2_nike,NKE_FQ3_2025_NEWS,20260809T113345Z,2026-08-09T11:33:51Z,deepseek-v4-flash,3482,256,899,4381,0.001878
news,p2_novo_nordisk,NVO_FQ1_2025_NEWS,20260804T101524Z,2026-08-04T10:15:33Z,deepseek-v4-flash,3870,256,1437,5307,0.002574
news,p2_novo_nordisk,NVO_FQ2_2025_NEWS,20260804T101533Z,2026-08-04T10:15:42Z,deepseek-v4-flash,3747,256,1368,5115,0.002465
news,p2_novo_nordisk,NVO_FQ3_2025_NEWS,20260804T101542Z,2026-08-04T10:15:49Z,deepseek-v4-flash,3709,256,1109,4818,0.00217
news,p2_novo_nordisk,NVO_FQ4_2025_NEWS,20260804T101549Z,2026-08-04T10:16:00Z,deepseek-v4-flash,3830,256,1514,5344,0.002648
news,p2_nvidia,NVDA_FQ1_2025_NEWS,20260809T113252Z,2026-08-09T11:33:03Z,deepseek-v4-flash,3531,256,1299,4830,0.002331
news,p2_nvidia,NVDA_FQ2_2025_NEWS,20260809T113303Z,2026-08-09T11:33:11Z,deepseek-v4-flash,3508,256,1122,4630,0.00213
news,p2_nvidia,NVDA_FQ3_2025_NEWS,20260809T113311Z,2026-08-09T11:33:19Z,deepseek-v4-flash,3480,256,1269,4749,0.002284
news,p2_nvidia,NVDA_FQ4_2025_NEWS,20260809T113319Z,2026-08-09T11:33:29Z,deepseek-v4-flash,3590,256,1392,4982,0.002449
news,p2_oracle,ORCL_FQ1_2026_NEWS,20260809T101607Z,2026-08-09T10:16:17Z,deepseek-v4-flash,3890,256,1245,5135,0.002369
news,p2_oracle,ORCL_FQ2_2026_NEWS,20260809T101617Z,2026-08-09T10:16:30Z,deepseek-v4-flash,4216,256,2026,6242,0.003316
news,p2_oracle,ORCL_FQ3_2026_NEWS,20260809T101630Z,2026-08-09T10:16:44Z,deepseek-v4-flash,4388,256,2052,6440,0.003391
news,p2_palantir,PLTR_FQ1_2025_NEWS,20260809T101751Z,2026-08-09T10:18:01Z,deepseek-v4-flash,3784,256,1433,5217,0.002547
news,p2_palantir,PLTR_FQ2_2025_NEWS,20260809T101801Z,2026-08-09T10:18:08Z,deepseek-v4-flash,3781,256,1099,4880,0.002179
news,p2_palantir,PLTR_FQ3_2025_NEWS,20260809T101808Z,2026-08-09T10:18:16Z,deepseek-v4-flash,3801,256,1272,5073,0.002374
news,p2_palantir,PLTR_FQ4_2025_NEWS,20260809T101816Z,2026-08-09T10:18:26Z,deepseek-v4-flash,3866,256,1461,5327,0.0026
news,p2_paypal,PYPL_FQ1_2025_NEWS,20260809T102058Z,2026-08-09T10:21:07Z,deepseek-v4-flash,3779,256,1274,5053,0.002371
news,p2_paypal,PYPL_FQ1_2026_NEWS,20260809T102124Z,2026-08-09T10:21:34Z,deepseek-v4-flash,3924,256,1765,5689,0.00295
news,p2_paypal,PYPL_FQ2_2025_NEWS,20260809T102107Z,2026-08-09T10:21:16Z,deepseek-v4-flash,3839,256,1347,5186,0.002467
news,p2_paypal,PYPL_FQ3_2025_NEWS,20260809T102116Z,2026-08-09T10:21:24Z,deepseek-v4-flash,3826,256,1386,5212,0.002506
news,p2_pepsico,PEP_FQ1_2023_NEWS,20260804T101153Z,2026-08-04T10:12:01Z,deepseek-v4-flash,3783,256,1265,5048,0.002362
news,p2_pepsico,PEP_FQ1_2024_NEWS,20260804T101226Z,2026-08-04T10:12:35Z,deepseek-v4-flash,3640,256,1489,5129,0.00257
news,p2_pepsico,PEP_FQ1_2025_NEWS,20260804T101300Z,2026-08-04T10:13:10Z,deepseek-v4-flash,3632,256,1441,5073,0.002515
news,p2_pepsico,PEP_FQ1_2026_NEWS,20260804T101336Z,2026-08-04T10:13:45Z,deepseek-v4-flash,3896,256,1366,5262,0.002503
news,p2_pepsico,PEP_FQ2_2023_NEWS,20260804T101201Z,2026-08-04T10:12:09Z,deepseek-v4-flash,3649,256,1233,4882,0.00229
news,p2_pepsico,PEP_FQ2_2024_NEWS,20260804T101235Z,2026-08-04T10:12:43Z,deepseek-v4-flash,3576,256,1182,4758,0.002215
news,p2_pepsico,PEP_FQ2_2025_NEWS,20260804T101310Z,2026-08-04T10:13:19Z,deepseek-v4-flash,3596,256,1352,4948,0.002407
news,p2_pepsico,PEP_FQ2_2026_NEWS,20260804T101345Z,2026-08-04T10:13:56Z,deepseek-v4-flash,4072,256,1716,5788,0.002936
news,p2_pepsico,PEP_FQ3_2023_NEWS,20260804T101209Z,2026-08-04T10:12:18Z,deepseek-v4-flash,3797,256,1250,5047,0.002349
news,p2_pepsico,PEP_FQ3_2024_NEWS,20260804T101243Z,2026-08-04T10:12:52Z,deepseek-v4-flash,3599,256,1306,4905,0.002357
news,p2_pepsico,PEP_FQ3_2025_NEWS,20260804T101319Z,2026-08-04T10:13:29Z,deepseek-v4-flash,3671,256,1385,5056,0.002463
news,p2_pepsico,PEP_FQ4_2023_NEWS,20260804T101218Z,2026-08-04T10:12:26Z,deepseek-v4-flash,3625,256,1234,4859,0.002285
news,p2_pepsico,PEP_FQ4_2024_NEWS,20260804T101252Z,2026-08-04T10:13:00Z,deepseek-v4-flash,3623,256,1178,4801,0.002223
news,p2_pepsico,PEP_FQ4_2025_NEWS,20260804T101329Z,2026-08-04T10:13:35Z,deepseek-v4-flash,3670,256,1415,5085,0.002496
news,p2_pfizer,PFE_FQ1_2025_NEWS,20260730T175526Z,2026-07-30T17:55:37Z,deepseek-v4-flash,3493,256,1509,5002,0.002552
news,p2_pfizer,PFE_FQ1_2026_NEWS,20260730T175555Z,2026-07-30T17:56:05Z,deepseek-v4-flash,3480,256,1213,4693,0.002223
news,p2_pfizer,PFE_FQ2_2025_NEWS,20260730T175537Z,2026-07-30T17:55:47Z,deepseek-v4-flash,3538,256,1261,4799,0.002291
news,p2_pfizer,PFE_FQ4_2025_NEWS,20260730T175547Z,2026-07-30T17:55:55Z,deepseek-v4-flash,3444,256,1140,4584,0.002133
news,p2_pinterest,PINS_FQ1_2026_NEWS,20260809T102249Z,2026-08-09T10:22:59Z,deepseek-v4-flash,4225,256,1230,5455,0.002443
news,p2_pinterest,PINS_FQ4_2024_NEWS,20260809T102233Z,2026-08-09T10:22:40Z,deepseek-v4-flash,3743,256,1193,4936,0.002272
news,p2_pinterest,PINS_FQ4_2025_NEWS,20260809T102240Z,2026-08-09T10:22:49Z,deepseek-v4-flash,3881,256,1372,5253,0.002506
news,p2_puma,PUM.DE_FQ1_2025_NEWS,20260809T102512Z,2026-08-09T10:25:19Z,deepseek-v4-flash,3602,256,1153,4755,0.00219
news,p2_puma,PUM.DE_FQ1_2026_NEWS,20260809T102534Z,2026-08-09T10:25:43Z,deepseek-v4-flash,3731,256,1545,5276,0.002656
news,p2_puma,PUM.DE_FQ3_2025_NEWS,20260809T102519Z,2026-08-09T10:25:27Z,deepseek-v4-flash,3665,256,1096,4761,0.002144
news,p2_puma,PUM.DE_FQ4_2025_NEWS,20260809T102527Z,2026-08-09T10:25:34Z,deepseek-v4-flash,3722,256,1257,4979,0.002336
news,p2_robinhood_markets,HOOD_FQ1_2025_NEWS,20260809T102746Z,2026-08-09T10:27:58Z,deepseek-v4-flash,4042,256,1667,5709,0.002874
news,p2_robinhood_markets,HOOD_FQ1_2026_NEWS,20260809T102819Z,2026-08-09T10:28:29Z,deepseek-v4-flash,4024,256,1406,5430,0.002582
news,p2_robinhood_markets,HOOD_FQ2_2025_NEWS,20260809T102758Z,2026-08-09T10:28:10Z,deepseek-v4-flash,3984,256,1963,5947,0.003184
news,p2_robinhood_markets,HOOD_FQ3_2025_NEWS,20260809T102810Z,2026-08-09T10:28:19Z,deepseek-v4-flash,3980,256,1325,5305,0.002481
news,p2_salesforce,CRM_FQ2_2026_NEWS,20260809T102936Z,2026-08-09T10:29:47Z,deepseek-v4-flash,3832,256,1582,5414,0.002724
news,p2_salesforce,CRM_FQ3_2026_NEWS,20260809T102947Z,2026-08-09T10:29:57Z,deepseek-v4-flash,3857,256,1765,5622,0.002932
news,p2_salesforce,CRM_FQ4_2026_NEWS,20260809T102957Z,2026-08-09T10:30:10Z,deepseek-v4-flash,4097,256,2301,6398,0.003586
news,p2_siemens,SIE.DE_FQ1_2026_NEWS,20260809T103126Z,2026-08-09T10:31:36Z,deepseek-v4-flash,4116,256,1657,5773,0.002883
news,p2_siemens,SIE.DE_FQ2_2026_NEWS,20260809T103136Z,2026-08-09T10:31:50Z,deepseek-v4-flash,4236,256,2373,6609,0.003703
news,p2_siemens,SIE.DE_FQ4_2025_NEWS,20260809T103114Z,2026-08-09T10:31:26Z,deepseek-v4-flash,4007,256,1667,5674,0.002864
news,p2_spotify,SPOT_FQ1_2026_NEWS,20260809T103344Z,2026-08-09T10:33:53Z,deepseek-v4-flash,3878,256,1102,4980,0.002208
news,p2_spotify,SPOT_FQ2_2025_NEWS,20260809T103317Z,2026-08-09T10:33:25Z,deepseek-v4-flash,3648,256,1130,4778,0.002177
news,p2_spotify,SPOT_FQ3_2025_NEWS,20260809T103325Z,2026-08-09T10:33:34Z,deepseek-v4-flash,3729,256,1242,4971,0.002322
news,p2_spotify,SPOT_FQ4_2025_NEWS,20260809T103334Z,2026-08-09T10:33:44Z,deepseek-v4-flash,3727,256,1658,5385,0.002779
news,p2_standard_chartered,STAN.L_FQ1_2025_NEWS,20260809T103559Z,2026-08-09T10:36:07Z,deepseek-v4-flash,4326,256,1169,5495,0.002403
news,p2_standard_chartered,STAN.L_FQ2_2025_NEWS,20260809T103607Z,2026-08-09T10:36:16Z,deepseek-v4-flash,4595,256,1267,5862,0.002583
news,p2_standard_chartered,STAN.L_FQ3_2025_NEWS,20260809T103616Z,2026-08-09T10:36:27Z,deepseek-v4-flash,4878,256,1687,6565,0.003122
news,p2_standard_chartered,STAN.L_FQ4_2025_NEWS,20260809T103627Z,2026-08-09T10:36:40Z,deepseek-v4-flash,5400,256,1996,7396,0.003602
news,p2_starbucks,SBUX_FQ1_2026_NEWS,20260809T103753Z,2026-08-09T10:38:05Z,deepseek-v4-flash,4156,256,1962,6118,0.003229
news,p2_starbucks,SBUX_FQ3_2025_NEWS,20260809T103732Z,2026-08-09T10:37:43Z,deepseek-v4-flash,3915,256,1742,5657,0.002922
news,p2_starbucks,SBUX_FQ4_2025_NEWS,20260809T103743Z,2026-08-09T10:37:53Z,deepseek-v4-flash,3975,256,1473,5448,0.002642
news,p2_target,TGT_FQ1_2025_NEWS,20260720T162849Z,2026-07-20T16:28:58Z,deepseek-v4-flash,3471,256,1040,4511,0.00203
news,p2_target,TGT_FQ1_2026_NEWS,20260720T162916Z,2026-07-20T16:29:27Z,deepseek-v4-flash,3568,256,1317,4885,0.002361
news,p2_target,TGT_FQ2_2025_NEWS,20260720T162858Z,2026-07-20T16:29:08Z,deepseek-v4-flash,3440,256,1122,4562,0.002112
news,p2_target,TGT_FQ3_2025_NEWS,20260720T162908Z,2026-07-20T16:29:16Z,deepseek-v4-flash,3421,256,979,4400,0.001949
news,p2_tesla,TSLA_FQ1_2026_NEWS,20260720T162433Z,2026-07-20T16:24:42Z,deepseek-v4-flash,3643,256,1184,4827,0.002235
news,p2_tesla,TSLA_FQ3_2025_NEWS,20260720T162412Z,2026-07-20T16:24:22Z,deepseek-v4-flash,3588,256,1251,4839,0.002294
news,p2_tesla,TSLA_FQ4_2025_NEWS,20260720T162422Z,2026-07-20T16:24:33Z,deepseek-v4-flash,3655,256,1419,5074,0.002497
news,p2_uber,UBER_FQ1_2025_NEWS,20260720T162442Z,2026-07-20T16:24:49Z,deepseek-v4-flash,3509,256,757,4266,0.001729
news,p2_uber,UBER_FQ1_2026_NEWS,20260720T162507Z,2026-07-20T16:25:17Z,deepseek-v4-flash,3578,256,1305,4883,0.00235
news,p2_uber,UBER_FQ2_2025_NEWS,20260720T162449Z,2026-07-20T16:24:59Z,deepseek-v4-flash,3491,256,1277,4768,0.002296
news,p2_uber,UBER_FQ4_2025_NEWS,20260720T162459Z,2026-07-20T16:25:07Z,deepseek-v4-flash,3469,256,1173,4642,0.002176
news,p2_united_airlines,UAL_FQ1_2025_NEWS,20260804T101115Z,2026-08-04T10:11:26Z,deepseek-v4-flash,3918,256,1533,5451,0.002693
news,p2_united_airlines,UAL_FQ2_2025_NEWS,20260804T101126Z,2026-08-04T10:11:34Z,deepseek-v4-flash,3760,256,1213,4973,0.002298
news,p2_united_airlines,UAL_FQ3_2025_NEWS,20260804T101134Z,2026-08-04T10:11:43Z,deepseek-v4-flash,3734,256,1328,5062,0.002418
news,p2_united_airlines,UAL_FQ4_2025_NEWS,20260804T101143Z,2026-08-04T10:11:53Z,deepseek-v4-flash,3780,256,1599,5379,0.002728
news,p2_unitedhealth,UNH_FQ2_2025_NEWS,20260809T103905Z,2026-08-09T10:39:15Z,deepseek-v4-flash,3828,256,1466,5294,0.002595
news,p2_unitedhealth,UNH_FQ3_2025_NEWS,20260809T103915Z,2026-08-09T10:39:23Z,deepseek-v4-flash,4045,256,1242,5287,0.002407
news,p2_unitedhealth,UNH_FQ4_2025_NEWS,20260809T103923Z,2026-08-09T10:39:35Z,deepseek-v4-flash,4289,256,1916,6205,0.003214
news,p2_visa,V_FQ1_2025_NEWS,20260809T104121Z,2026-08-09T10:41:29Z,deepseek-v4-flash,3642,256,1187,4829,0.002238
news,p2_visa,V_FQ1_2026_NEWS,20260809T104148Z,2026-08-09T10:41:59Z,deepseek-v4-flash,3835,256,1975,5810,0.003157
news,p2_visa,V_FQ2_2025_NEWS,20260809T104129Z,2026-08-09T10:41:39Z,deepseek-v4-flash,3847,256,1729,5576,0.002889
news,p2_visa,V_FQ3_2025_NEWS,20260809T104139Z,2026-08-09T10:41:48Z,deepseek-v4-flash,3790,256,1151,4941,0.002238
news,p2_walmart,WMT_FQ1_2025_NEWS,20260720T162517Z,2026-07-20T16:25:26Z,deepseek-v4-flash,3418,256,1215,4633,0.002208
news,p2_walmart,WMT_FQ1_2026_NEWS,20260720T162551Z,2026-07-20T16:26:00Z,deepseek-v4-flash,3447,256,1148,4595,0.002142
news,p2_walmart,WMT_FQ2_2025_NEWS,20260720T162526Z,2026-07-20T16:25:33Z,deepseek-v4-flash,3409,256,858,4267,0.001813
news,p2_walmart,WMT_FQ3_2025_NEWS,20260720T162533Z,2026-07-20T16:25:42Z,deepseek-v4-flash,3452,256,1175,4627,0.002173
news,p2_walmart,WMT_FQ4_2025_NEWS,20260720T162542Z,2026-07-20T16:25:51Z,deepseek-v4-flash,3417,256,1059,4476,0.002036
news,p2_workday,WDAY_FQ1_2025_NEWS,20260809T104338Z,2026-08-09T10:43:48Z,deepseek-v4-flash,3940,256,1630,5570,0.002806
news,p2_workday,WDAY_FQ2_2025_NEWS,20260809T104348Z,2026-08-09T10:43:55Z,deepseek-v4-flash,4018,256,1120,5138,0.002266
news,p2_workday,WDAY_FQ3_2025_NEWS,20260809T104355Z,2026-08-09T10:44:08Z,deepseek-v4-flash,4173,256,2368,6541,0.00368
news,p2_workday,WDAY_FQ4_2025_NEWS,20260809T104408Z,2026-08-09T10:44:20Z,deepseek-v4-flash,4500,256,1778,6278,0.00312
