document_id,ticker,sector,outcome_label,evidence_index,claim,quote,confidence,model_flag,match_status,match_score
LIN_FQ2_2025,LIN,Basic Materials/Specialty Chemicals,HOLD,0,"Revenue was $8.5 billion, up 3% YoY with underlying sales up 1%","Linde's sales for the second quarter were $8,495 million, up 3% versus prior year. Compared to prior year, underlying sales increased 1% from 2% price attainment partially offset by 1% lower volumes largely driven by the manufacturing end market.",HIGH,SUPPORTED,exact,100.0
LIN_FQ2_2025,LIN,Basic Materials/Specialty Chemicals,HOLD,1,"Adjusted EPS was $4.09, up 6% YoY","Adjusted earnings per share was $4.09, 6% above prior year.",HIGH,SUPPORTED,exact,100.0
LIN_FQ2_2025,LIN,Basic Materials/Specialty Chemicals,HOLD,2,"Full-year 2025 adjusted EPS guidance is $16.30-$16.50, representing 5% to 6% growth","For the full-year 2025, the company expects adjusted diluted earnings per share to be in the range of $16.30 to $16.50, up 5% to 6% versus prior year, or 4% to 5% when excluding 1% of estimated currency tailwind.",HIGH,SUPPORTED,exact,100.0
LIN_FQ2_2025,LIN,Basic Materials/Specialty Chemicals,HOLD,3,"Q3 2025 adjusted EPS guidance is $4.10-$4.20, up 4% to 7% YoY","For the third quarter of 2025, Linde expects adjusted diluted earnings per share in the range of $4.10 to $4.20, up 4% to 7% versus prior-year quarter, or 3% to 6% when excluding 1% of estimated currency tailwind.",HIGH,SUPPORTED,exact,100.0
LIN_FQ2_2025,LIN,Basic Materials/Specialty Chemicals,HOLD,4,"Adjusted operating profit margin was 30.1%, up 80 basis points YoY",Adjusted operating profit margin of 30.1% was 80 basis points above prior year.,HIGH,SUPPORTED,exact,100.0
LIN_FQ2_2025,LIN,Basic Materials/Specialty Chemicals,HOLD,5,Management maintains a measured view of macro trends and did not raise guidance despite FX improvement,"For the second half of 2025, we maintain a more measured view of the underlying macro trends. But regardless of this economic outlook, we will continue to generate long-term shareholder value.",HIGH,SUPPORTED,exact,100.0
LIN_FQ2_2025,LIN,Basic Materials/Specialty Chemicals,HOLD,6,Management explicitly stated they lack confidence to raise the outlook,"However, the currency volatility and general economic uncertainty don't give us enough confidence to raise the outlook at this time.",HIGH,SUPPORTED,exact,100.0
LIN_FQ2_2025,LIN,Basic Materials/Specialty Chemicals,HOLD,7,Top-end of guidance assumes economic contraction,"For the full year, we simply approached it the same way as the third quarter, updated the improved FX, but offset with an assumption of a contracting economy at the top end of the range.",HIGH,SUPPORTED,exact,100.0
LIN_FQ2_2025,LIN,Basic Materials/Specialty Chemicals,HOLD,8,"Volumes declined 1% YoY, led by manufacturing end market","Compared to prior year, underlying sales increased 1% from 2% price attainment partially offset by 1% lower volumes largely driven by the manufacturing end market.",HIGH,SUPPORTED,exact,100.0
LIN_FQ2_2025,LIN,Basic Materials/Specialty Chemicals,HOLD,9,EMEA volumes expected to remain negative in the second half,"Volumes, therefore, are likely to be negative in the second half. I think it's going to be driven almost entirely by the industrial sector.",HIGH,SUPPORTED,exact,100.0
LIN_FQ2_2025,LIN,Basic Materials/Specialty Chemicals,HOLD,10,China remains mixed with weaker metals and chemicals expected,"China remains a mixed bag. You've heard me say this in previous calls, I expect China to remain flat for the year and that continues to be our expectation. There is EVs and batteries and electronics end markets that will continue to grow, but that will be more than offset by much weaker metals and chemicals for the remainder of the year.",HIGH,SUPPORTED,exact,100.0
LIN_FQ2_2025,LIN,Basic Materials/Specialty Chemicals,HOLD,11,Helium pricing is down high-single-digit due to oversupply,"And yes, pricing is down high-single-digit and that's really just a function of the oversupply in the market, particularly around Asia and maybe a little bit of cooling off in-demand on the electronics side of things.",HIGH,SUPPORTED,exact,100.0
LIN_FQ2_2025,LIN,Basic Materials/Specialty Chemicals,HOLD,12,Core volume trend remained somewhat stagnant,"And while volumes did increase 2% sequentially from seasonal effects, the core trend remained somewhat stagnant.",HIGH,SUPPORTED,exact,100.0
LIN_FQ2_2025,LIN,Basic Materials/Specialty Chemicals,HOLD,13,Sale-of-gas project backlog is at record $7.1 billion,"In a little over four years, the sale-of-gas backlog has approximately doubled from $3.6 billion to $7.1 billion. The same is true for the number of projects moving from 33 projects to 70 projects.",HIGH,SUPPORTED,exact,100.0
LIN_FQ2_2025,LIN,Basic Materials/Specialty Chemicals,HOLD,14,Space market is fueling double-digit growth with nearly $1 billion in planned investments,"It's fueling double digit growth for Linde in that particular market or end market... by the end-of-the next couple of couple of three years, we would have invested just under $1 billion in building this infrastructure to support the space ecosystem going forward.",HIGH,SUPPORTED,near,98.8
LIN_FQ2_2025,LIN,Basic Materials/Specialty Chemicals,HOLD,15,India merchant volumes are growing in their teens,Now the bright spot in APAC remains India with merchant volumes growing in their teens and a healthy opportunity pipeline for new investments.,HIGH,SUPPORTED,exact,100.0
LIN_FQ2_2025,LIN,Basic Materials/Specialty Chemicals,HOLD,16,Electronics end market has a healthy pipeline of projects,The fact remains that we have a healthy pipeline of projects that are going to come up in the next 12 months or so and we will obviously be participating.,HIGH,SUPPORTED,exact,100.0
LIN_FQ2_2025,LIN,Basic Materials/Specialty Chemicals,HOLD,17,US tax policy expected to improve project IRRs by ~100 basis points,"What that also will do is make IRRs on projects better. We saw the same effect in 2017. How much the IRR improves, it's a function of a couple of different things. But I'd say on average, you probably see — you can see almost 100 basis-point improvement.",HIGH,SUPPORTED,near,99.2
LIN_FQ2_2025,LIN,Basic Materials/Specialty Chemicals,HOLD,18,Germany's EUR1 trillion investment expected to uplift European industrial activity long-term,"Germany has made this extraordinary commitment to investing EUR1 trillion over the next 10 years in defense and build-out of infrastructure. That's a very significant industrial stimulus to the German economy... the longer term view, which I think is expected to start showing some initial signal, send some initial signals over the next couple of years, both from an increased level of infrastructure spend and defense spend, I think will be an important part in how we look at the long term view on Europe.",HIGH,SUPPORTED,near,100.0
LIN_FQ2_2025,LIN,Basic Materials/Specialty Chemicals,HOLD,19,Management tone is cautious,"For the second half of 2025, we maintain a more measured view of the underlying macro trends. But regardless of this economic outlook, we will continue to generate long-term shareholder value.",HIGH,SUPPORTED,exact,100.0
SPOT_FQ2_2025,SPOT,Communication Services/Internet Content & Information,BUY,0,Total Revenue increased 10% Y/Y to €4.2 billion.,Total Revenue increased 10% Y/Y to €4.2 billion.,HIGH,SUPPORTED,exact,100.0
SPOT_FQ2_2025,SPOT,Communication Services/Internet Content & Information,BUY,1,"On a constant currency basis, revenue grew 15% Y/Y.","Total Revenue grew 10% Y/Y to €4.2 billion; on a constant currency* basis, Total Revenue grew 15% Y/Y",HIGH,SUPPORTED,exact,100.0
SPOT_FQ2_2025,SPOT,Communication Services/Internet Content & Information,BUY,2,Basic EPS was -0.42 for Q2 2025.,Basic (loss)/earnings per share attributable to owners of the parent (0.42) 1.10 1.37,HIGH,SUPPORTED,exact,100.0
SPOT_FQ2_2025,SPOT,Communication Services/Internet Content & Information,BUY,3,The company reported a net loss of €86 million in Q2 2025.,Net (loss)/income attributable to owners of the parent (86) 225 274,HIGH,SUPPORTED,exact,100.0
SPOT_FQ2_2025,SPOT,Communication Services/Internet Content & Information,BUY,4,"Q3 2025 guidance includes revenue of €4.2 billion, MAUs of 710 million, subscribers of 281 million, gross margin of 31.1%, and operating income of €485 million.",Total Premium Subscribers Total Revenue Gross Margin €4.2 billion 281 million 31.1% Implies the addition of approximately 14 million net new MAUs in the quarterTotal MAUs 710 million €485 millionOperating Income,HIGH,SUPPORTED,exact,100.0
SPOT_FQ2_2025,SPOT,Communication Services/Internet Content & Information,BUY,5,Q3 guidance incorporates a ~490 bps headwind to revenue growth Y/Y due to FX.,"Assumes ~490 bps headwind to growth Y/Y due to foreign exchange rate movements; based on currency rates as of Q2 close (e.g. USD:Euro of 0.8485 as of June 30th, 2025)",HIGH,SUPPORTED,exact,100.0
SPOT_FQ2_2025,SPOT,Communication Services/Internet Content & Information,BUY,6,Q3 guidance incorporates €25 million in Social Charges.,Incorporates €25 million in Social Charges based on a Q2 close share price of $767.34,HIGH,SUPPORTED,exact,100.0
SPOT_FQ2_2025,SPOT,Communication Services/Internet Content & Information,BUY,7,Q3 guidance incorporates a regulatory charge in the Premium segment equivalent to ~40 bps of total Gross Margin impact.,"Incorporates regulatory charge in Premium segment equivalent to ~40 bps of total Gross Margin impact, along with Y/Y favorability in Ad-Supported segment",HIGH,SUPPORTED,exact,100.0
SPOT_FQ2_2025,SPOT,Communication Services/Internet Content & Information,BUY,8,Gross Margin improved by 227 bps Y/Y to 31.5% in Q2 2025.,Gross Margin improved by 227 bps YoY to 31.5%.,HIGH,SUPPORTED,exact,100.0
SPOT_FQ2_2025,SPOT,Communication Services/Internet Content & Information,BUY,9,Operating Margin was 9.7% in Q2 2025.,Operating Margin 7.0% 12.1% 9.7% -- --,HIGH,SUPPORTED,exact,100.0
SPOT_FQ2_2025,SPOT,Communication Services/Internet Content & Information,BUY,10,Advertising business underperformance is a key risk.,"However, as I look at our progress, the one area that hasn’t yet better expectations is our Ads business. We’ve simply been moving too slowly and it’s taken longer than expected to see the improvements we initiated to take hold.",HIGH,SUPPORTED,exact,100.0
SPOT_FQ2_2025,SPOT,Communication Services/Internet Content & Information,BUY,11,Currency headwinds impacted reported revenue by €104 million vs. guidance.,Outsized currency movements during the quarter impacted reported Revenue by €104 million vs. guidance.,HIGH,SUPPORTED,exact,100.0
SPOT_FQ2_2025,SPOT,Communication Services/Internet Content & Information,BUY,12,Social Charges were €98 million above forecast due to share price appreciation.,Social Charges were €98 million above forecast due to share price appreciation during the quarter.,HIGH,SUPPORTED,exact,100.0
SPOT_FQ2_2025,SPOT,Communication Services/Internet Content & Information,BUY,13,Operating Income was below guidance due to social charges and other factors.,"Operating Income of €406 million was below guidance due to €116 million in Social Charges, higher payroll and related expense and Revenue mix shift.",HIGH,SUPPORTED,exact,100.0
SPOT_FQ2_2025,SPOT,Communication Services/Internet Content & Information,BUY,14,Leadership change in Ads business occurred.,"And we’ve been really clear that we have high expectations really across our business, and we need to see more progress within Ads. And unfortunately, that hasn’t happened here. So we felt it was the right time for a leadership change.",HIGH,SUPPORTED,exact,100.0
SPOT_FQ2_2025,SPOT,Communication Services/Internet Content & Information,BUY,15,Strong user growth in H1 2025.,"In the first half of 2025, subscriber net additions grew more than 30% compared to the first half of 2024.",HIGH,SUPPORTED,near,99.1
SPOT_FQ2_2025,SPOT,Communication Services/Internet Content & Information,BUY,16,Audiobooks expanded to new markets.,"Expanded audiobooks to Germany, Austria, Switzerland and Liechtenstein, giving users access to over 350,000 titles through eligible Premium subscriptions",HIGH,SUPPORTED,exact,100.0
SPOT_FQ2_2025,SPOT,Communication Services/Internet Content & Information,BUY,17,AI and product innovation are opportunities.,"Launched voice-activated DJ in 60+ markets, enabling personalized music through spoken commands",HIGH,SUPPORTED,exact,100.0
SPOT_FQ2_2025,SPOT,Communication Services/Internet Content & Information,BUY,18,Advertising transformation is an opportunity.,"We are creating a stronger, more sustainable Ads business by accelerating our automation efforts and enhancing our world-class brand operations.",HIGH,SUPPORTED,exact,100.0
SPOT_FQ2_2025,SPOT,Communication Services/Internet Content & Information,BUY,19,Share repurchase authorization was upsized to $2 billion.,the Board has approved an upsizing of our share repurchase authorization to a total of $2 billion.,HIGH,SUPPORTED,near,99.0
SPOT_FQ2_2025,SPOT,Communication Services/Internet Content & Information,BUY,20,Free Cash Flow reached €700 million in Q2.,"Free Cash Flow reached €700 million in Q2, bringing LTM Free Cash Flow to €2.8 billion.",HIGH,SUPPORTED,exact,100.0
SPOT_FQ2_2025,SPOT,Communication Services/Internet Content & Information,BUY,21,"Management tone is mixed, with confidence but also caution on Q3.","We remain confident in our business. And while we’re investing in the future growth, we will deliver a full year margin expansion in 2025. ... But in the spirit of transparency, you’ll see a few places in our Q3 forecast where we probably a little bit lighter than you may have anticipated.",HIGH,SUPPORTED,near,100.0
SPOT_FQ4_2025,SPOT,Communication Services/Internet Content & Information,HOLD,0,Total Revenue grew 7% Y/Y to €4.5 billion (13% constant currency).,Total Revenue increased 13% Y/Y constant currency* to €4.5 billion,HIGH,SUPPORTED,exact,100.0
SPOT_FQ4_2025,SPOT,Communication Services/Internet Content & Information,HOLD,1,Diluted EPS was €4.43 per share for Q4 2025.,Diluted earnings per share attributable to owners of the parent 4.43,HIGH,SUPPORTED,exact,100.0
SPOT_FQ4_2025,SPOT,Communication Services/Internet Content & Information,HOLD,2,Q1 2026 guidance includes revenue of €4.5 billion and operating income of €660 million.,"We are also forecasting $4,500,000,000 in total quarter one revenue... We expect a quarter one gross margin of 32.8%, and operating income of $660,000,000.",HIGH,SUPPORTED,near,100.0
SPOT_FQ4_2025,SPOT,Communication Services/Internet Content & Information,HOLD,3,Gross Margin improved by 83 bps Y/Y to 33.1%.,Gross Margin improved by 83 bps Y/Y to 33.1%,HIGH,SUPPORTED,exact,100.0
SPOT_FQ4_2025,SPOT,Communication Services/Internet Content & Information,HOLD,4,Foreign exchange is a headwind to Q1 2026 revenue growth.,Assumes ~670 bps headwind to growth Y/Y (vs. ~580 bps in Q4) due to foreign exchange rate movements,HIGH,SUPPORTED,exact,100.0
SPOT_FQ4_2025,SPOT,Communication Services/Internet Content & Information,HOLD,5,Ad-Supported revenue declined -4% Y/Y on an IFRS basis.,Ad-Supported Revenue declined -4% Y/Y (or increased 4% Y/Y constant currency*),HIGH,SUPPORTED,exact,100.0
SPOT_FQ4_2025,SPOT,Communication Services/Internet Content & Information,HOLD,6,Record MAU net adds of 38 million in Q4.,The business added a record 38 million MAU vs. guidance for 32 million,HIGH,SUPPORTED,exact,100.0
SPOT_FQ4_2025,SPOT,Communication Services/Internet Content & Information,HOLD,7,Premium Subscribers grew 10% Y/Y to 290 million.,Premium Subscribers grew 10% Y/Y to 290 million,HIGH,SUPPORTED,exact,100.0
SPOT_FQ4_2025,SPOT,Communication Services/Internet Content & Information,HOLD,8,AI DJ has been used by 90 million subscribers.,"About 90,000,000 subscribers have used AI DJ so far.",HIGH,SUPPORTED,exact,100.0
SPOT_FQ4_2025,SPOT,Communication Services/Internet Content & Information,HOLD,9,Audiobooks expanded to five new countries.,"Audiobooks in Premium are now available in Sweden, Denmark, Finland, Iceland, and Monaco",HIGH,SUPPORTED,exact,100.0
SPOT_FQ4_2025,SPOT,Communication Services/Internet Content & Information,HOLD,10,Advertising business is improving with record advertiser levels.,"We now have, I am happy to say, record levels of advertisers on the platform. And that increased density means much better yield and as a result, revenue growth for us.",HIGH,SUPPORTED,exact,100.0
SPOT_FQ4_2025,SPOT,Communication Services/Internet Content & Information,HOLD,11,Management is optimistic about 2026.,"I am optimistic about 2026 and beyond. We expect continued healthy MAU and subs growth throughout the year, while maintaining our consistently low churn.",HIGH,SUPPORTED,exact,100.0
SPOT_FQ4_2025,SPOT,Communication Services/Internet Content & Information,HOLD,12,Free cash flow in 2025 was €2.9 billion.,"Free Cash Flow* was €834 million in Q4, bringing full year 2025 Free Cash Flow generation to €2.9 billion.",HIGH,SUPPORTED,exact,100.0
SPOT_FQ4_2025,SPOT,Communication Services/Internet Content & Information,HOLD,13,Social Charges were €67 million below forecast due to share price movement.,Social Charges were €67 million below forecast due to share price movement during the quarter.,HIGH,SUPPORTED,exact,100.0
SPOT_FQ4_2025,SPOT,Communication Services/Internet Content & Information,HOLD,14,The company repurchased $433 million in shares in Q4.,"We repurchased $433 million in shares in Q4, bringing full year 2025 repurchase activity to $510 million.",HIGH,SUPPORTED,exact,100.0
SPOT_FQ1_2026,SPOT,Communication Services/Internet Content & Information,SELL,0,"Total Revenue was €4,533 million in Q1 2026, up 8% Y/Y (or 14% Y/Y constant currency).","Revenue of €4,533 million grew 8% Y/Y in Q1 (or 14% Y/Y constant currency*), reflecting: ● Premium Revenue growth of 10% Y/Y (or 15% Y/Y constant currency*), driven by subscriber gains; and ● Ad-Supported Revenue decline of 5% Y/Y (or increase of 3% Y/Y constant currency*)",HIGH,SUPPORTED,exact,100.0
SPOT_FQ1_2026,SPOT,Communication Services/Internet Content & Information,SELL,1,Basic EPS was €3.50 and Diluted EPS was €3.45 for Q1 2026.,Earnings per share attributable to owners of the parent Basic 3.50 5.71 1.10 Diluted 3.45 4.43 1.07,HIGH,SUPPORTED,exact,100.0
SPOT_FQ1_2026,SPOT,Communication Services/Internet Content & Information,SELL,2,"Q2 2026 guidance includes Total Revenue of €4.8 billion, Gross Margin of 33.1%, and Operating Income of €630 million.",Outlook for Q2’26 ... Total Premium Subscribers Total Revenue Gross Margin €4.8 billion 299 million 33.1% ... Total MAUs 778 million €630 millionOperating Income,HIGH,SUPPORTED,near,100.0
SPOT_FQ1_2026,SPOT,Communication Services/Internet Content & Information,SELL,3,"Gross Margin was 33.0% in Q1 2026, up 133 bps Y/Y.","Gross Margin finished at 33.0% in Q1, up 133 bps Y/Y. The Y/Y trend was driven by improvement in our Premium segment.",HIGH,SUPPORTED,exact,100.0
SPOT_FQ1_2026,SPOT,Communication Services/Internet Content & Information,SELL,4,"Operating Income reached €715 million in Q1 2026, a record.",Operating Income finished at a record €715 million (15.8% margin),HIGH,SUPPORTED,exact,100.0
SPOT_FQ1_2026,SPOT,Communication Services/Internet Content & Information,SELL,5,Free Cash Flow reached a Q1 record of €824 million.,Free Cash Flow* finished at a Q1 record high of €824 million,HIGH,SUPPORTED,exact,100.0
SPOT_FQ1_2026,SPOT,Communication Services/Internet Content & Information,SELL,6,MAUs grew 12% Y/Y to 761 million.,Monthly Active Users (MAUs) climbed 12% Y/Y to 761 million,HIGH,SUPPORTED,exact,100.0
SPOT_FQ1_2026,SPOT,Communication Services/Internet Content & Information,SELL,7,Premium Subscribers grew 9% Y/Y to 293 million.,Premium Subscribers grew 9% Y/Y to 293 million,HIGH,SUPPORTED,exact,100.0
SPOT_FQ1_2026,SPOT,Communication Services/Internet Content & Information,SELL,8,Q2 guidance assumes ~80 bps headwind to growth Y/Y due to FX.,"Assumes ~80 bps headwind to growth Y/Y (vs. ~600 bps in Q1) due to foreign exchange rate movements; based on currency rates as of Q1 close (e.g. USD:Euro of 0.8657 as of March 31, 2026)",HIGH,SUPPORTED,exact,100.0
SPOT_FQ1_2026,SPOT,Communication Services/Internet Content & Information,SELL,9,Ad-Supported Revenue declined 5% Y/Y (IFRS basis).,Ad-Supported Revenue decline of 5% Y/Y (or increase of 3% Y/Y constant currency*),HIGH,SUPPORTED,exact,100.0
SPOT_FQ1_2026,SPOT,Communication Services/Internet Content & Information,SELL,10,Ad-Supported Gross Margin declined 102 bps Y/Y.,"Ad-Supported Gross Margin* was 13% in Q1, down 102 bps Y/Y. The Y/Y decline was due to music costs and Other Costs of Revenue resulting from higher engagement, which more than offset podcast favorability.",HIGH,SUPPORTED,exact,100.0
SPOT_FQ1_2026,SPOT,Communication Services/Internet Content & Information,SELL,11,Social Charges are volatile and tied to share price movements.,"As a reminder, Social Charges are payroll taxes associated with employee salaries and benefits in select countries where we operate. Since a portion of these taxes is tied to the intrinsic value of share-based compensation awards, movements in our stock price can lead to fluctuations in the taxes we accrue.",HIGH,SUPPORTED,exact,100.0
SPOT_FQ1_2026,SPOT,Communication Services/Internet Content & Information,SELL,12,Management expressed confidence in sustained growth.,"All that reinforces our confidence in sustained user and subscriber growth, low churn, and continued progress on revenue and margin.",HIGH,SUPPORTED,exact,100.0
SPOT_FQ1_2026,SPOT,Communication Services/Internet Content & Information,SELL,13,All KPIs met or exceeded guidance.,"We are pleased with our performance in Q1, as all of our KPIs met or exceeded guidance.",HIGH,SUPPORTED,exact,100.0
SPOT_FQ1_2026,SPOT,Communication Services/Internet Content & Information,SELL,14,"Premium ARPU was roughly flat Y/Y at €4.76, or up 5.7% Y/Y constant currency.","Premium Revenue* grew 10% Y/Y to €4,148 million (or 15% Y/Y constant currency**), reflecting subscriber growth of 9% Y/Y and roughly flat Y/Y Premium Average Revenue per User (ARPU) of €4.76 (or up 5.7% Y/Y constant currency).",HIGH,SUPPORTED,exact,100.0
SPOT_FQ1_2026,SPOT,Communication Services/Internet Content & Information,SELL,15,The company repurchased €306 million of shares and retired €1.3 billion of exchangeable notes in Q1.,"In Q1, we repurchased €306 million ($361 million) of shares and retired €1.3 billion ($1.5 billion) of exchangeable notes.",HIGH,SUPPORTED,exact,100.0
SPOT_FQ1_2026,SPOT,Communication Services/Internet Content & Information,SELL,16,The sentiment score of 0.25 reflects genuine operational momentum without a formal guidance raise.,"Overall, we view the business as well positioned to deliver improved growth and margins in 2026 as we reinvest to support our long-term potential.",MEDIUM,SUPPORTED,exact,100.0
CMCSA_FQ4_2025,CMCSA,Communication Services/Telecom Services,BUY,0,"4Q25 revenue was $32,310 million, up 1.2% year-over-year.","Revenue $32,310 $31,915 1.2 %",HIGH,SUPPORTED,exact,100.0
CMCSA_FQ4_2025,CMCSA,Communication Services/Telecom Services,BUY,1,"Full-year 2025 revenue was $123,707 million, flat year-over-year.","Revenue $32,310 $31,915 1.2 % $123,707 $123,731 — %",HIGH,SUPPORTED,exact,100.0
CMCSA_FQ4_2025,CMCSA,Communication Services/Telecom Services,BUY,2,"4Q25 diluted EPS was $0.60, down 52.0% year-over-year.",Earnings per Share $0.60 $1.24 (52.0 %),HIGH,SUPPORTED,exact,100.0
CMCSA_FQ4_2025,CMCSA,Communication Services/Telecom Services,BUY,3,"4Q25 Adjusted EPS was $0.84, down 12.4% year-over-year.",Adjusted Earnings per Share $0.84 $0.96 (12.4 %),HIGH,SUPPORTED,exact,100.0
CMCSA_FQ4_2025,CMCSA,Communication Services/Telecom Services,BUY,4,"Full-year 2025 diluted EPS was $5.39, up 30.1%.",Earnings per Share $0.60 $1.24 (52.0 %) $5.39 $4.14 30.1 %,HIGH,SUPPORTED,exact,100.0
CMCSA_FQ4_2025,CMCSA,Communication Services/Telecom Services,BUY,5,"Full-year 2025 Adjusted EPS was $4.31, down 0.6%.",Adjusted Earnings per Share $0.84 $0.96 (12.4 %) $4.31 $4.33 (0.6 %),HIGH,SUPPORTED,exact,100.0
CMCSA_FQ4_2025,CMCSA,Communication Services/Telecom Services,BUY,6,Management expects incremental EBITDA pressure over the next couple of quarters.,"As we have said before, as we continue to invest through this transition, we expect incremental EBITDA pressure over the next couple of quarters until we begin to lap these initial investments in the second half of 2026.",HIGH,SUPPORTED,exact,100.0
CMCSA_FQ4_2025,CMCSA,Communication Services/Telecom Services,BUY,7,Management expects further broadband ARPU pressure for the next couple of quarters.,"Looking ahead, we expect further ARPU pressure for the next couple of quarters, driven by the absence of a rate increase, the impact from free wireless lines, and the ongoing migration of our base to simplified pricing.",HIGH,SUPPORTED,exact,100.0
CMCSA_FQ4_2025,CMCSA,Communication Services/Telecom Services,BUY,8,One-time cash tax benefits in 2025 will not recur in 2026.,"As we look towards 2026, it's important to note that one-time cash tax benefits in 2025, including the $2 billion mentioned up front, will not recur.",HIGH,SUPPORTED,exact,100.0
CMCSA_FQ4_2025,CMCSA,Communication Services/Telecom Services,BUY,9,"Connectivity & Platforms Adjusted EBITDA margin was 37.1% in 4Q25, down 120 bps year-over-year.",Total Connectivity & Platforms Adjusted EBITDA Margin 37.1 % 38.3 % (120) bps (90) bps,HIGH,SUPPORTED,exact,100.0
CMCSA_FQ4_2025,CMCSA,Communication Services/Telecom Services,BUY,10,"Residential Connectivity & Platforms Adjusted EBITDA margin was 34.6%, down 140 bps.",Residential Connectivity & Platforms Adjusted EBITDA Margin 34.6 % 36.0 % (140) bps (110) bps,HIGH,SUPPORTED,absent,84.9
CMCSA_FQ4_2025,CMCSA,Communication Services/Telecom Services,BUY,11,"Business Services Connectivity Adjusted EBITDA margin was 54.2%, down 150 bps.",Business Services Connectivity Adjusted EBITDA Margin 54.2 % 55.7 % (150) bps (150) bps,HIGH,SUPPORTED,absent,73.6
CMCSA_FQ4_2025,CMCSA,Communication Services/Telecom Services,BUY,12,Intense broadband competition is a stated risk.,"The competitive environment for broadband remains intense, similar to prior quarters, while we saw wireless competition step up towards the end of the fourth quarter.",HIGH,SUPPORTED,exact,100.0
CMCSA_FQ4_2025,CMCSA,Communication Services/Telecom Services,BUY,13,Increased wireless competition is a stated risk.,"The competitive environment for broadband remains intense, similar to prior quarters, while we saw wireless competition step up towards the end of the fourth quarter.",HIGH,SUPPORTED,exact,100.0
CMCSA_FQ4_2025,CMCSA,Communication Services/Telecom Services,BUY,14,Leverage ratios will increase slightly on the back of the Versant spin-off.,"As you know, the Versant spin was capitalized in a way that positioned them for success with low leverage and ample liquidity. As a result, our leverage ratios will increase slightly on the back of the spin-off.",HIGH,SUPPORTED,exact,100.0
CMCSA_FQ4_2025,CMCSA,Communication Services/Telecom Services,BUY,15,The Versant spin-off removes a significant pool of cash flow from operations.,"Finally, as you can see from their filings, the Versant spin-off removes a significant pool of cash flow from our operations.",HIGH,SUPPORTED,exact,100.0
CMCSA_FQ4_2025,CMCSA,Communication Services/Telecom Services,BUY,16,Wireless is a key growth opportunity with 1.5 million net line additions in 2025.,"It was also our best year ever in wireless, with 1.5 million net line additions and more than 9 million total lines, clear evidence of the strength of our converged connectivity strategy.",HIGH,SUPPORTED,exact,100.0
CMCSA_FQ4_2025,CMCSA,Communication Services/Telecom Services,BUY,17,"Theme Parks is a key growth opportunity, crossing $1 billion in quarterly EBITDA for the first time.","Theme Parks Adjusted EBITDA Increased 24% in the Fourth Quarter, Surpassing $1.0 Billion in Quarterly EBITDA for the First Time, Fueled by the Opening of Epic Universe in May",HIGH,SUPPORTED,exact,100.0
CMCSA_FQ4_2025,CMCSA,Communication Services/Telecom Services,BUY,18,Peacock is a key growth opportunity with 44 million subscribers and improving EBITDA losses.,"Peacock Paid Subscribers Increased 22% Year-over-Year to 44 Million; Revenue Grew 23% to $1.6 Billion in the Fourth Quarter and 10% to $5.4 Billion for the Full Year; and Adjusted EBITDA Losses Improved by Over $700 Million for the Full Year, Including the Impact of NBA Rights Beginning in the Fourth Quarter",HIGH,SUPPORTED,exact,100.0
CMCSA_FQ4_2025,CMCSA,Communication Services/Telecom Services,BUY,19,Network leadership is a key opportunity with ~60% of footprint transitioned to mid-split spectrum.,"And finally, we continue to make substantial progress on our network upgrade with roughly 60% of the footprint now transitioned to mid-split spectrum and a virtualized architecture.",HIGH,SUPPORTED,exact,100.0
CMCSA_FQ4_2025,CMCSA,Communication Services/Telecom Services,BUY,20,Business Services is a key growth opportunity with revenue up 6% in 4Q25.,"Turning to Business Services, revenue increased 6% and EBITDA grew 3% in the quarter.",HIGH,SUPPORTED,exact,100.0
CMCSA_FQ4_2025,CMCSA,Communication Services/Telecom Services,BUY,21,Free wireless line conversion is a key opportunity for the second half of 2026.,"Looking ahead to the second half of 2026, we expect to convert the vast majority of free lines into paying relationships, which in turn should provide a meaningful tailwind to convergence revenue growth.",HIGH,SUPPORTED,exact,100.0
CMCSA_FQ4_2025,CMCSA,Communication Services/Telecom Services,BUY,22,"Management tone is cautious, reflecting an investment period with expected near-term pressure.","As we've previewed, we are in an investment period. We're pivoting in the broadband business through changes to packaging and pricing and significant investments in the customer experience, all designed to stabilize our base and subsequently grow revenue in the category again.",HIGH,SUPPORTED,exact,100.0
CMCSA_FQ4_2025,CMCSA,Communication Services/Telecom Services,BUY,23,The sentiment score is negative because forward guidance points to near-term pressure.,"As we have said before, as we continue to invest through this transition, we expect incremental EBITDA pressure over the next couple of quarters until we begin to lap these initial investments in the second half of 2026.",HIGH,SUPPORTED,exact,100.0
CMCSA_FQ2_2025,CMCSA,Communication Services/Telecom Services,HOLD,0,"Revenue increased 2.1% to $30,3 billion for the second quarter of 2025.",Revenue increased 2.1% compared to the prior year period.,HIGH,SUPPORTED,exact,100.0
CMCSA_FQ2_2025,CMCSA,Communication Services/Telecom Services,HOLD,1,Adjusted EPS increased 3.3% to $1.25.,Adjusted Earnings per Share $1.25 $1.21 3.3 %,HIGH,SUPPORTED,exact,100.0
CMCSA_FQ2_2025,CMCSA,Communication Services/Telecom Services,HOLD,2,The new go-to-market strategy is expected to impact EBITDA growth in 2025.,"EBITDA was flat in the quarter, consistent with comments we made last quarter that our new go-to-market strategy would impact our ability to grow EBITDA this year.",HIGH,SUPPORTED,exact,100.0
CMCSA_FQ2_2025,CMCSA,Communication Services/Telecom Services,HOLD,3,Broadband ARPU growth is expected to moderate in the near term.,"Looking ahead, we continue to expect healthy broadband ARPU growth over the balance of the year, although the rollout of our new everyday pricing structure at the end of the second quarter is expected to moderate ARPU growth in the near term as we begin transitioning customers to more consistent and predictable pricing.",HIGH,SUPPORTED,exact,100.0
CMCSA_FQ2_2025,CMCSA,Communication Services/Telecom Services,HOLD,4,"The company experienced total domestic broadband customer net losses of 226,000.","Total domestic broadband customer net losses were 226,000, total domestic wireless line net additions were 378,000 and total domestic video customer net losses were 325,000.",HIGH,SUPPORTED,exact,100.0
CMCSA_FQ2_2025,CMCSA,Communication Services/Telecom Services,HOLD,5,"The wireless business had its best quarter ever, adding 378,000 lines.","Domestic Wireless Customer Line Net Additions Were 378,000, the Best Quarterly Result on Record; Reached 14% Penetration of Our Domestic Residential Broadband Customers with a Total of 8.5 Million Lines",HIGH,SUPPORTED,exact,100.0
CMCSA_FQ2_2025,CMCSA,Communication Services/Telecom Services,HOLD,6,The opening of Epic Universe is driving higher per-cap spending and attendance across Universal Orlando Resort.,"We're pleased with the early results as Epic is already driving higher per-cap spending and attendance across the entirety of Universal Orlando Resort, with strong food and merchandise sales and minimal impact on attendance at Universal Studios Florida and Islands of Adventure.",HIGH,SUPPORTED,exact,100.0
CMCSA_FQ2_2025,CMCSA,Communication Services/Telecom Services,HOLD,7,The company had record-breaking Upfront results.,"We just closed our most successful Upfront ever, with record total sales and our largest sports commitments to date. Peacock was a standout, up more than 20% year over year and representing over a third of NBCUniversal's total volume.",HIGH,SUPPORTED,exact,100.0
CMCSA_FQ2_2025,CMCSA,Communication Services/Telecom Services,HOLD,8,The company expects a roughly $1 billion annual cash tax benefit for the next several years.,"As a result of all of that, there are several things in the legislation that benefit us. And we estimate on average roughly $1 billion in annual cash tax benefit for the next several years, with much of the benefit relating to infrastructure investments.",HIGH,SUPPORTED,exact,100.0
CMCSA_FQ2_2025,CMCSA,Communication Services/Telecom Services,HOLD,9,Management is confident in the company's path forward.,"With our strategic focus, world-class assets, and disciplined capital allocation, we are well-positioned for the future and confident in our path forward.",HIGH,SUPPORTED,exact,100.0
CMCSA_FQ2_2025,CMCSA,Communication Services/Telecom Services,HOLD,10,The competitive environment in broadband remains intense.,"Starting with the competitive landscape, it remains intense, as we've noted. Fixed wireless remains very active in the marketplace. Fiber competitors continue to build more passings.",HIGH,SUPPORTED,near,99.5
CMCSA_FQ2_2025,CMCSA,Communication Services/Telecom Services,HOLD,11,Media advertising revenue decreased 7%.,"In Media, total Advertising revenue was down 7% in part due to the volume and timing of sports content, as well as tough political comparisons.",HIGH,SUPPORTED,exact,100.0
CMCSA_FQ2_2025,CMCSA,Communication Services/Telecom Services,HOLD,12,Theme Parks EBITDA growth was limited to 4% due to soft opening costs.,"At Parks, revenue increased 19% this quarter, driven by the successful opening of Epic Universe on May 22nd, while EBITDA growth was limited to 4% due to soft opening costs at the new park.",HIGH,SUPPORTED,exact,100.0
CMCSA_FQ2_2025,CMCSA,Communication Services/Telecom Services,HOLD,13,The company expects a tough comparison in Q3 2025 due to the Paris Olympics.,"Looking ahead to the third quarter, we will have a tough comparison to the very successful Paris Olympics, but feel well positioned over the next year given our strong line-up of content.",HIGH,SUPPORTED,near,99.5
CMCSA_FQ2_2025,CMCSA,Communication Services/Telecom Services,HOLD,14,"The company expects higher sports programming expenses, particularly in the first year of the NBA contract.","The impact of this price increase, combined with the strong Upfront results I just discussed, help position us in the fourth quarter as we launch the NBA and take on higher sports program expenses particularly in the first year of the NBA contract when we absorb the full impact of adding these new rights.",HIGH,SUPPORTED,exact,100.0
CMCSA_FQ2_2025,CMCSA,Communication Services/Telecom Services,HOLD,15,Connectivity & Platforms Adjusted EBITDA margin was 41.8%.,Total Connectivity & Platforms Adjusted EBITDA Margin 41.8 % 41.9 % (10) bps 20 bps,HIGH,SUPPORTED,exact,100.0
CMCSA_FQ2_2025,CMCSA,Communication Services/Telecom Services,HOLD,16,Residential Connectivity & Platforms Adjusted EBITDA margin was 39.8%.,Residential Connectivity & Platforms Adjusted EBITDA Margin 39.8 % 39.9 % (10) bps 20 bps,HIGH,SUPPORTED,absent,87.6
CMCSA_FQ2_2025,CMCSA,Communication Services/Telecom Services,HOLD,17,Business Services Connectivity Adjusted EBITDA margin was 56.1%.,Business Services Connectivity Adjusted EBITDA Margin 56.1 % 57.0 % (90) bps (80) bps,HIGH,SUPPORTED,absent,72.9
CMCSA_FQ1_2026,CMCSA,Communication Services/Telecom Services,SELL,0,"Consolidated revenue increased 5.3% to $31,457 million.","Revenue $31,457 $29,887 5.3 %",HIGH,SUPPORTED,exact,100.0
CMCSA_FQ1_2026,CMCSA,Communication Services/Telecom Services,SELL,1,"Pro forma revenue increased 10.9% to $31,457 million.","Pro Forma Revenue $31,457 $28,369 10.9 %",HIGH,SUPPORTED,exact,100.0
CMCSA_FQ1_2026,CMCSA,Communication Services/Telecom Services,SELL,2,Diluted EPS decreased 32.6% to $0.60.,Earnings per Share $0.60 $0.89 (32.6 %),HIGH,SUPPORTED,exact,100.0
CMCSA_FQ1_2026,CMCSA,Communication Services/Telecom Services,SELL,3,Adjusted EPS decreased 27.5% to $0.79.,Adjusted Earnings per Share $0.79 $1.09 (27.5 %),HIGH,SUPPORTED,exact,100.0
CMCSA_FQ1_2026,CMCSA,Communication Services/Telecom Services,SELL,4,"Broadband subscriber losses improved by 117,000 year-over-year to 65,000.","Total domestic broadband residential customer net losses were 65,000, total domestic wireless line net additions were 435,000 and total domestic video customer net losses were 322,000.",HIGH,SUPPORTED,exact,100.0
CMCSA_FQ1_2026,CMCSA,Communication Services/Telecom Services,SELL,5,"Record wireless line net additions of 435,000.","Domestic Wireless Customer Line Net Additions of 435,000 - Our Best Quarterly Result on Record; Total Wireless Lines Increased to 9.7 Million, Reaching 16% Penetration of Domestic Residential Broadband Customers",HIGH,SUPPORTED,exact,100.0
CMCSA_FQ1_2026,CMCSA,Communication Services/Telecom Services,SELL,6,Peacock revenue up 71% surpassing $2 billion.,"Peacock Delivered Strong Growth with Paid Subscribers Increasing 12% Year-over-Year to 46 Million and Revenue Growth of 71%, Surpassing $2 Billion for the First Time",HIGH,SUPPORTED,exact,100.0
CMCSA_FQ1_2026,CMCSA,Communication Services/Telecom Services,SELL,7,Peacock expected to approach profitability next quarter.,"We added 2 million net new subscribers in the quarter with revenue up more than 70%, putting Peacock on track to approach profitability for the first time next quarter.",HIGH,SUPPORTED,exact,100.0
CMCSA_FQ1_2026,CMCSA,Communication Services/Telecom Services,SELL,8,Theme Parks EBITDA increased 33% to $551 million.,"Theme Parks EBITDA Increased 33% to $551 Million, Fueled by the Opening of Epic Universe in May 2025",HIGH,SUPPORTED,exact,100.0
CMCSA_FQ1_2026,CMCSA,Communication Services/Telecom Services,SELL,9,"Studios revenue increased 21.2% to $3,426 million.","Studios 3,426 2,826 21.2 %",HIGH,SUPPORTED,exact,100.0
CMCSA_FQ1_2026,CMCSA,Communication Services/Telecom Services,SELL,10,Connectivity & Platforms Adjusted EBITDA margin was 39.6%.,Total Connectivity & Platforms Adjusted EBITDA Margin 39.6 % 41.0 % (140) bps (100) bps,HIGH,SUPPORTED,exact,100.0
CMCSA_FQ1_2026,CMCSA,Communication Services/Telecom Services,SELL,11,Residential Connectivity & Platforms Adjusted EBITDA margin was 37.1%.,Adjusted EBITDA Margin 37.1 % 38.7 % (160) bps (120) bps,HIGH,SUPPORTED,exact,100.0
CMCSA_FQ1_2026,CMCSA,Communication Services/Telecom Services,SELL,12,Business Services Connectivity Adjusted EBITDA margin was 55.9%.,Adjusted EBITDA Margin 55.9 % 57.0 % (110) bps (100) bps,HIGH,SUPPORTED,exact,100.0
CMCSA_FQ1_2026,CMCSA,Communication Services/Telecom Services,SELL,13,Management expects incremental broadband ARPU pressure in Q2 with relief later in the year.,"We expect incremental pressure on broadband ARPU for another quarter until we start to anniversary early go-to-market transition efforts as well as the impact of free lines starting to roll into paying relationships, which will happen in greater volumes as we exit this year.",HIGH,SUPPORTED,exact,100.0
CMCSA_FQ1_2026,CMCSA,Communication Services/Telecom Services,SELL,14,Free wireless lines expected to convert to paid relationships in the second half.,"Looking ahead, in the second half of the year, many of the free lines will come up for monetization. Early engagement and usage trends are encouraging in that respect, and we expect to convert the significant majority of free lines into paying relationships, which should provide a tailwind to convergence revenue and ARPA growth over time.",HIGH,SUPPORTED,exact,100.0
CMCSA_FQ1_2026,CMCSA,Communication Services/Telecom Services,SELL,15,Intense competitive environment is a risk.,"First, despite what remains an incredibly intense competitive environment, broadband net losses improved by more than 100,000 year-over-year, the first year-over-year improvement since the fourth quarter of 2020.",HIGH,SUPPORTED,exact,100.0
CMCSA_FQ1_2026,CMCSA,Communication Services/Telecom Services,SELL,16,"NBA rights costs caused EBITDA dilution, with Q1 being peak.","Media EBITDA was a loss of $426 million, consistent with the dilution we've been expecting in the first season of the NBA as we straight-line the amortization of these rights with quarterly seasonality driven by game counts. The first quarter was the peak volume with about 50% of the games played and the corresponding costs flowing through, so as a result, this quarter represents our peak EBITDA dilution from NBA costs.",HIGH,SUPPORTED,exact,100.0
CMCSA_FQ1_2026,CMCSA,Communication Services/Telecom Services,SELL,17,International parks pressure from China-related travel trends.,"Specifically, in Osaka, we're seeing some impact from China-related inbound travel trends, which is putting pressure on attendance. And in Beijing, we're navigating a more challenging macroeconomic environment.",HIGH,SUPPORTED,exact,100.0
CMCSA_FQ1_2026,CMCSA,Communication Services/Telecom Services,SELL,18,Potential impact of higher oil prices on domestic parks and advertising.,"I think inside the US, domestic to domestic, we haven't yet seen any significant impact in the parks business caused by higher oil, but I think that does not mean that it may not happen depending on the duration of the effect on price of gas, airline tickets, and so forth.",HIGH,SUPPORTED,exact,100.0
CMCSA_FQ1_2026,CMCSA,Communication Services/Telecom Services,SELL,19,Convergence ARPA of ~$85 vs. telecom competitors roughly double.,"Our convergence ARPA, or average revenue per account, currently stands at roughly $85. For context, our telecom competitors are roughly double this amount on the same metric.",HIGH,SUPPORTED,exact,100.0
CMCSA_FQ1_2026,CMCSA,Communication Services/Telecom Services,SELL,20,Management tone is optimistic.,We're off to a good start. We've taken a hard look at both where the market is and how we're performing and made some real changes.,HIGH,SUPPORTED,exact,100.0
PUM.DE_FQ1_2025,PUM.DE,Consumer Cyclical/Footwear & Accessories,HOLD,0,"Revenue was €2,076.0 million, down 1.3% reported but up 0.1% currency-adjusted.","Currency-adjusted sales up by 0.1% to € 2,076 million (-1.3% reported)",HIGH,SUPPORTED,exact,100.0
PUM.DE_FQ1_2025,PUM.DE,Consumer Cyclical/Footwear & Accessories,HOLD,1,"EPS was €0.00, down 99.5% from €0.58.",Net income came in at € 0.5 million (Q1 2024: € 87.3 million) and earnings per share amounted to € 0.00 (Q1 2024: € 0.58),HIGH,SUPPORTED,near,99.2
PUM.DE_FQ1_2025,PUM.DE,Consumer Cyclical/Footwear & Accessories,HOLD,2,"FY2025 guidance: low- to mid-single-digit sales growth, adjusted EBIT €520-600 million, CAPEX ~€300 million, excluding U.S. tariff impact.",PUMA expects currency-adjusted sales to grow in the low- to mid -single-digit percentage range in the financial year 2025. ... adjusted EBIT in the range of € 520 million to € 600 million ... capital expenditures (CAPEX) of around € 300 million ... this outlook does not include potential implications from tariffs announced after PUMA’s initial outlook on 11 March 2025.,HIGH,SUPPORTED,near,96.7
PUM.DE_FQ1_2025,PUM.DE,Consumer Cyclical/Footwear & Accessories,HOLD,3,Gross profit margin decreased by 60 basis points to 47.0%.,The gross profit margin decreased by 60 basis points to 47.0% (Q1 2024: 47.5%).,HIGH,SUPPORTED,exact,100.0
PUM.DE_FQ1_2025,PUM.DE,Consumer Cyclical/Footwear & Accessories,HOLD,4,"EBIT margin was 2.8%, down from 7.6%.",the EBIT margin came in at 2.8% (Q1 2024: 7.6%).,HIGH,SUPPORTED,exact,100.0
PUM.DE_FQ1_2025,PUM.DE,Consumer Cyclical/Footwear & Accessories,HOLD,5,U.S. tariffs are a key risk with highly uncertain implications.,"Due to the highly uncertain implications from the U.S. tariffs, we are not quantifying the potential implications at this stage.",HIGH,SUPPORTED,exact,100.0
PUM.DE_FQ1_2025,PUM.DE,Consumer Cyclical/Footwear & Accessories,HOLD,6,North America and Greater China declined significantly.,North America -11.1% ... Greater China -17.7% (from quarterly sales table),HIGH,SUPPORTED,absent,53.1
PUM.DE_FQ1_2025,PUM.DE,Consumer Cyclical/Footwear & Accessories,HOLD,7,"DTC business grew 12.0% ca, e-commerce +17.3% ca.","Our Direct-to-Consumer (DTC) business grew by 12.0% (ca) to € 546.5 million, led by the e-commerce business which grew 17.3% (ca)",HIGH,SUPPORTED,exact,100.0
PUM.DE_FQ1_2025,PUM.DE,Consumer Cyclical/Footwear & Accessories,HOLD,8,Footwear sales grew 2.4% ca.,"Footwear sales increased by 2.4% (ca) to € 1,186.0 million",HIGH,SUPPORTED,exact,100.0
PUM.DE_FQ1_2025,PUM.DE,Consumer Cyclical/Footwear & Accessories,HOLD,9,EMEA region grew 5.1% ca with double-digit growth in EEMEA.,"Sales in the EMEA region increased by 5.1% (ca) to € 891.7 million, driven by double-digit growth in EEMEA.",HIGH,SUPPORTED,exact,100.0
PUM.DE_FQ1_2025,PUM.DE,Consumer Cyclical/Footwear & Accessories,HOLD,10,Latin America recorded double-digit growth.,Latin America recorded double -digit growth during the quarter.,HIGH,SUPPORTED,exact,100.0
PUM.DE_FQ1_2025,PUM.DE,Consumer Cyclical/Footwear & Accessories,HOLD,11,nextlevel programme expected to generate up to €100 million additional EBIT in 2025.,"In return, the company expects to generate additional EBIT of up to € 100 million in 2025.",HIGH,SUPPORTED,exact,100.0
PUM.DE_FQ1_2025,PUM.DE,Consumer Cyclical/Footwear & Accessories,HOLD,12,Management tone is cautious.,"In the first quarter and despite a challenging environment ... Due to the highly uncertain implications from the U.S. tariffs, we are not quantifying the potential implications at this stage.",HIGH,SUPPORTED,near,100.0
PUM.DE_FQ1_2025,PUM.DE,Consumer Cyclical/Footwear & Accessories,HOLD,13,OPEX increased 7.1%.,"Operating expenses (OPEX), excluding nextlevel related one-time costs, increased by 7.1% to € 904.9 million",HIGH,SUPPORTED,exact,100.0
PUM.DE_FQ1_2025,PUM.DE,Consumer Cyclical/Footwear & Accessories,HOLD,14,Working capital increased 12.8%.,"The working capital increased by 12.8% to € 2,081.6 million",HIGH,SUPPORTED,exact,100.0
PUM.DE_FQ1_2025,PUM.DE,Consumer Cyclical/Footwear & Accessories,HOLD,15,Financial result decreased due to higher net interest expenses.,The financial result decreased by 56.8% to € -42.0 million (Q1 2024: € -26.8 million) mainly due to higher net interest expenses.,HIGH,SUPPORTED,exact,100.0
PUM.DE_FQ1_2025,PUM.DE,Consumer Cyclical/Footwear & Accessories,HOLD,16,New CEO Arthur Hoeld appointed effective 01 July 2025.,PUMA appoints Arthur Hoeld as CEO (effective 01 July 2025),HIGH,SUPPORTED,exact,100.0
PUM.DE_FQ1_2025,PUM.DE,Consumer Cyclical/Footwear & Accessories,HOLD,17,Brand campaign 'Go Wild' launched.,"PUMA launches “Go Wild”, its biggest brand campaign to date",HIGH,SUPPORTED,exact,100.0
PUM.DE_FQ4_2025,PUM.DE,Consumer Cyclical/Footwear & Accessories,SELL,0,"FY 2025 sales decreased by 8.1% (ca) to €7,296.2 million","Consequently, sales for the full year 2025 decreased by 8.1% (ca) to € 7,296.2 million (FY 2024: € 8,398.0 million), with a decline across all regions and product divisions.",HIGH,SUPPORTED,exact,100.0
PUM.DE_FQ4_2025,PUM.DE,Consumer Cyclical/Footwear & Accessories,SELL,1,"Q4 2025 sales decreased by 20.7% (ca) to €1,564.9 million","In the fourth quarter, currency-adjusted sales decreased by 20.7% to € 1,564.9 million (Q4 2024: € 2,150.5 million).",HIGH,SUPPORTED,near,99.1
PUM.DE_FQ4_2025,PUM.DE,Consumer Cyclical/Footwear & Accessories,SELL,2,FY 2025 loss per share from continuing operations was €-4.37,Loss from continuing operations came in at € -643.6 million (FY 2024: profit from continuing operations of € 280.7 million) and earnings per share from continuing operations amounted to € -4.37 (FY 2024: € 1.88).,HIGH,SUPPORTED,exact,100.0
PUM.DE_FQ4_2025,PUM.DE,Consumer Cyclical/Footwear & Accessories,SELL,3,Q4 2025 loss per share from continuing operations was €-2.27,"Consequently, loss from continuing operations amounted to € -335.0 million (Q4 2024: profit from continuing operations of € 24.3 million) and earnings per share from continuing operations came in at € -2.27 (Q4 2024: € 0.16).",HIGH,SUPPORTED,exact,100.0
PUM.DE_FQ4_2025,PUM.DE,Consumer Cyclical/Footwear & Accessories,SELL,4,FY 2026 guidance is for currency-adjusted sales to decline in the low- to mid-single-digit percentage range,"The anticipated currency-adjusted sales decline in the low- to mid-single-digit percentage range is mainly attributable to lower sales in North America, reflecting measures to streamline distribution, while sales growth in Latin America and Middle East, Africa & India can only partially compensate for this.",HIGH,SUPPORTED,exact,100.0
PUM.DE_FQ4_2025,PUM.DE,Consumer Cyclical/Footwear & Accessories,SELL,5,FY 2026 EBIT guidance is between €-50 million and €-150 million,"The company projects an operating result (EBIT) between € -50 and € -150 million, including one-time effects related to the implemented cost efficiency program.",HIGH,SUPPORTED,exact,100.0
PUM.DE_FQ4_2025,PUM.DE,Consumer Cyclical/Footwear & Accessories,SELL,6,FY 2025 gross profit margin declined 260 bps to 45.0%,The gross profit margin declined by 260 basis points to 45.0% (FY 2024: 47.6%).,HIGH,SUPPORTED,near,96.2
PUM.DE_FQ4_2025,PUM.DE,Consumer Cyclical/Footwear & Accessories,SELL,7,Q4 2025 gross profit margin declined 750 bps to 40.2%,The gross profit margin declined by 750 basis points to 40.2% (Q4 2024: 47.7%).,HIGH,SUPPORTED,exact,100.0
PUM.DE_FQ4_2025,PUM.DE,Consumer Cyclical/Footwear & Accessories,SELL,8,FY 2025 reported EBIT margin was -4.9%,"Consequently, the reported EBIT came in at € -357.2 million (FY 2024: € 548.7 million) and the reported EBIT margin was at -4.9% (FY 2024: 6.5%).",HIGH,SUPPORTED,exact,100.0
PUM.DE_FQ4_2025,PUM.DE,Consumer Cyclical/Footwear & Accessories,SELL,9,Management expects ongoing geopolitical and macroeconomic uncertainties in 2026,PUMA expects ongoing geopolitical and macroeconomic uncertainties in 2026.,HIGH,SUPPORTED,exact,100.0
PUM.DE_FQ4_2025,PUM.DE,Consumer Cyclical/Footwear & Accessories,SELL,10,Anta's acquisition is expected to negatively impact Greater China business in 2026,Anta’s recent acquisition of 29% stake in our company will most likely negatively impact our business in Greater China in 2026.,HIGH,SUPPORTED,exact,100.0
PUM.DE_FQ4_2025,PUM.DE,Consumer Cyclical/Footwear & Accessories,SELL,11,"Net debt increased significantly to €1,063.5 million","Net debt of € 1,063.5 million at the end of FY 2025 was significantly above the prior year level of € 119.8 million, mainly driven by increased bank liabilities to support the operating business and finance working capital.",HIGH,SUPPORTED,exact,100.0
PUM.DE_FQ4_2025,PUM.DE,Consumer Cyclical/Footwear & Accessories,SELL,12,Free cash flow was negative at -€530.3 million,"Free cash flow came in at € -530.3 million, significantly down compared to the prior year (FY 2024: € 464.3 million), mainly due to negative earnings before taxes as well as an increase in net working capital.",HIGH,SUPPORTED,near,99.5
PUM.DE_FQ4_2025,PUM.DE,Consumer Cyclical/Footwear & Accessories,SELL,13,"Inventories increased to €2,060.0 million","Inventories rose by 2.3% reported and 10.7% currency-adjusted to € 2,060.0 million (31 December 2024: € 2,013.7 million) partly driven by inventory takebacks from wholesale partners to clean up distribution.",HIGH,SUPPORTED,near,99.5
PUM.DE_FQ4_2025,PUM.DE,Consumer Cyclical/Footwear & Accessories,SELL,14,No dividend will be proposed for FY 2025,"As a result of the negative net income of the PUMA Group in 2025, the Management Board and Supervisory Board of PUMA SE will propose to the Annual General Meeting on 19 May 2026 that no dividend should be distributed for the financial year 2025 (FY 2024: €0.61).",HIGH,SUPPORTED,exact,100.0
PUM.DE_FQ4_2025,PUM.DE,Consumer Cyclical/Footwear & Accessories,SELL,15,Performance Running showed strong growth driven by Velocity Nitro 4,"Despite an overall decrease in the Running category as a result of the distribution clean-up, Performance Running showed strong growth, driven by the success of the Velocity Nitro 4.",HIGH,SUPPORTED,near,99.5
PUM.DE_FQ4_2025,PUM.DE,Consumer Cyclical/Footwear & Accessories,SELL,16,Training category remained resilient and delivered healthy growth,"However, the Training category remained resilient and delivered healthy growth.",HIGH,SUPPORTED,exact,100.0
PUM.DE_FQ4_2025,PUM.DE,Consumer Cyclical/Footwear & Accessories,SELL,17,Sportstyle Prime & Select grew driven by Speedcat family,"This was partially offset by growth in Sportstyle Prime & Select, driven by the Speedcat family and increased demand in Running.",HIGH,SUPPORTED,near,99.2
PUM.DE_FQ4_2025,PUM.DE,Consumer Cyclical/Footwear & Accessories,SELL,18,Anta partnership expected to deliver substantial mid- to long-term benefits,"Nevertheless, we believe that this partnership will deliver substantial mid- to long-term benefits for our brand and our company.",HIGH,SUPPORTED,exact,100.0
PUM.DE_FQ4_2025,PUM.DE,Consumer Cyclical/Footwear & Accessories,SELL,19,Substantial improvement in gross margin expected in 2026,"In 2026, we expect a substantial improvement versus 2025, especially due to lower promotions, including inventory reserves and a favourable channel mix.",HIGH,SUPPORTED,exact,100.0
PUM.DE_FQ4_2025,PUM.DE,Consumer Cyclical/Footwear & Accessories,SELL,20,DTC business expected to grow in 2026 while Wholesale declines,"With regards to sales channels, we anticipate a decrease in Wholesale sales, while our Direct-to-Consumer business is expected to grow, currency adjusted.",HIGH,SUPPORTED,exact,100.0
PUM.DE_FQ4_2025,PUM.DE,Consumer Cyclical/Footwear & Accessories,SELL,21,"Management tone is cautious, designating 2026 as a transition year","Following a pivotal reset in 2025, during which PUMA implemented decisive measures to tackle brand challenges, restore inventory balance, and lay the groundwork for a stronger, more focused future, 2026 is set to be a year of transition for the company.",HIGH,SUPPORTED,exact,100.0
PUM.DE_FQ4_2025,PUM.DE,Consumer Cyclical/Footwear & Accessories,SELL,22,Management expects return to growth from 2027 onwards,"While 2025 served as a year of strategic reset and 2026 represents a period of transition, PUMA is confident that the measures implemented thus far and those planned for the near future, are critical to re-establishing growth from 2027 onwards.",HIGH,SUPPORTED,exact,100.0
CMG_FQ1_2025,CMG,Consumer Cyclical/Restaurants,BUY,0,Total revenue increased 6.4% to $2.9 billion in Q1 2025.,Total revenue increased 6.4% to $2.9 billion,HIGH,SUPPORTED,exact,100.0
CMG_FQ1_2025,CMG,Consumer Cyclical/Restaurants,BUY,1,Comparable restaurant sales decreased 0.4%.,Comparable restaurant sales decreased 0.4%,HIGH,SUPPORTED,exact,100.0
CMG_FQ1_2025,CMG,Consumer Cyclical/Restaurants,BUY,2,"Diluted EPS was $0.28, up 7.7% from $0.26.","Diluted earnings per share was $0.28, a 7.7% increase from $0.26",HIGH,SUPPORTED,exact,100.0
CMG_FQ1_2025,CMG,Consumer Cyclical/Restaurants,BUY,3,"Adjusted diluted EPS was $0.29, up 7.4% from $0.27.","Adjusted diluted earnings per share was $0.29, a 7.4% increase from $0.27",HIGH,SUPPORTED,exact,100.0
CMG_FQ1_2025,CMG,Consumer Cyclical/Restaurants,BUY,4,Full-year 2025 comparable restaurant sales growth expected in low single digit range.,Full year comparable restaurant sales growth in the low single digit range,HIGH,SUPPORTED,exact,100.0
CMG_FQ1_2025,CMG,Consumer Cyclical/Restaurants,BUY,5,"Operating margin was 16.7%, up from 16.3%.","Operating margin was 16.7%, an increase from 16.3%",HIGH,SUPPORTED,exact,100.0
CMG_FQ1_2025,CMG,Consumer Cyclical/Restaurants,BUY,6,"Restaurant level operating margin was 26.2%, down from 27.5%.","Restaurant level operating margin was 26.2%, a decrease from 27.5%",HIGH,SUPPORTED,exact,100.0
CMG_FQ1_2025,CMG,Consumer Cyclical/Restaurants,BUY,7,Management cited weather and consumer spending slowdown as headwinds.,our first quarter results were impacted by several headwinds including weather and a slowdown in consumer spending,HIGH,SUPPORTED,exact,100.0
CMG_FQ1_2025,CMG,Consumer Cyclical/Restaurants,BUY,8,Consumer slowdown trend continued into April.,This trend has continued into April.,HIGH,SUPPORTED,exact,100.0
CMG_FQ1_2025,CMG,Consumer Cyclical/Restaurants,BUY,9,Tariffs expected to impact cost of sales by 50 basis points ongoing and 20 basis points in Q2.,"We estimate these tariffs will have an ongoing impact of about 50 basis points, and due to inventory on hand, we anticipate a 20 basis point impact in Q2.",HIGH,SUPPORTED,exact,100.0
CMG_FQ1_2025,CMG,Consumer Cyclical/Restaurants,BUY,10,Q2 faces tough comparison with 11.2% comp from last year.,we are facing our most challenging comparison as we lap an 11.2% comp from last year,HIGH,SUPPORTED,exact,100.0
CMG_FQ1_2025,CMG,Consumer Cyclical/Restaurants,BUY,11,Easter timing shift causes 100 basis point headwind in Q2.,have an additional 100 basis point headwind due to the timing of Easter.,HIGH,SUPPORTED,exact,100.0
CMG_FQ1_2025,CMG,Consumer Cyclical/Restaurants,BUY,12,Chipotle Honey Chicken LTO is driving incremental transactions.,Chipotle Honey Chicken is off to a terrific start driving incremental transactions in our restaurants.,HIGH,SUPPORTED,exact,100.0
CMG_FQ1_2025,CMG,Consumer Cyclical/Restaurants,BUY,13,Produce slicer rollout expected to improve throughput.,"The produce slicer, which we haven’t talked about today, will be in all restaurants by the end of Q2. The restaurants we’re in today are already seeing improved expo placement, improved throughput.",HIGH,SUPPORTED,near,91.9
CMG_FQ1_2025,CMG,Consumer Cyclical/Restaurants,BUY,14,Management tone is cautious due to acknowledged headwinds.,our first quarter results were impacted by several headwinds including weather and a slowdown in consumer spending,HIGH,SUPPORTED,exact,100.0
SBUX_FQ3_2025,SBUX,Consumer Cyclical/Restaurants,HOLD,0,Consolidated net revenues increased 4% to $9.5 billion.,Q3 Consolidated Net Revenues Up 4% to $9.5 Billion,HIGH,SUPPORTED,exact,100.0
SBUX_FQ3_2025,SBUX,Consumer Cyclical/Restaurants,HOLD,1,GAAP EPS declined 47% to $0.49.,GAAP earnings per share of $0.49 declined 47% over prior year,HIGH,SUPPORTED,exact,100.0
SBUX_FQ3_2025,SBUX,Consumer Cyclical/Restaurants,HOLD,2,Non-GAAP EPS declined 46% to $0.50.,"Non-GAAP earnings per share of $0.50 declined 46% over prior year, or declined 45% on a constant currency basis.",HIGH,SUPPORTED,near,99.1
SBUX_FQ3_2025,SBUX,Consumer Cyclical/Restaurants,HOLD,3,Global comparable store sales declined 2%.,"Global comparable store sales declined 2%, driven by a 2% decline in comparable transactions, partially offset by a 1% increase in average ticket",HIGH,SUPPORTED,exact,100.0
SBUX_FQ3_2025,SBUX,Consumer Cyclical/Restaurants,HOLD,4,GAAP operating margin contracted 680 basis points to 9.9%.,GAAP operating margin contracted 680 basis points year-over-year to 9.9%,HIGH,SUPPORTED,exact,100.0
SBUX_FQ3_2025,SBUX,Consumer Cyclical/Restaurants,HOLD,5,Non-GAAP operating margin contracted 660 basis points to 10.1%.,Non-GAAP operating margin contracted 660 basis points year-over-year to 10.1%,HIGH,SUPPORTED,exact,100.0
SBUX_FQ3_2025,SBUX,Consumer Cyclical/Restaurants,HOLD,6,Effective tax rate increased to 31.8% from 24.8%.,"Effective tax rate of 31.8% compared to 24.8% in the prior year, the increase was primarily driven by the discrete impact of changes in indefinite reinvestment assertions for certain foreign entities of approximately 850 basis points.",HIGH,SUPPORTED,exact,100.0
SBUX_FQ3_2025,SBUX,Consumer Cyclical/Restaurants,HOLD,7,China comparable store sales increased 2%.,"China comparable store sales increased 2%, driven by a 6% increase in comparable transactions, partially offset by a 4% decline in average ticket",HIGH,SUPPORTED,exact,100.0
SBUX_FQ3_2025,SBUX,Consumer Cyclical/Restaurants,HOLD,8,International comparable store sales were flat.,"International comparable store sales were flat, driven by a 1% increase in comparable transactions, offset by a 1% decline in average ticket",HIGH,SUPPORTED,exact,100.0
SBUX_FQ3_2025,SBUX,Consumer Cyclical/Restaurants,HOLD,9,The company opened 308 net new stores in Q3.,"The company opened 308 net new stores in Q3, ending the period with 41,097 stores",HIGH,SUPPORTED,exact,100.0
SBUX_FQ3_2025,SBUX,Consumer Cyclical/Restaurants,HOLD,10,Management is optimistic about the turnaround.,"We've fixed a lot and done the hard work on the hard things to build a strong operating foundation, and based on my experience of turnarounds, we are ahead of schedule.",HIGH,SUPPORTED,near,99.4
SBUX_FQ3_2025,SBUX,Consumer Cyclical/Restaurants,HOLD,11,Management expects growth in 2026.,"In 2026, we'll unleash a wave of innovation that fuels growth, elevates customer service, and ensures everyone experiences the very best of Starbucks.",HIGH,SUPPORTED,exact,100.0
SBUX_FQ3_2025,SBUX,Consumer Cyclical/Restaurants,HOLD,12,EPS was negatively impacted by one-time investments and a discrete tax item.,"In the quarter, we made a significant non-recurring investment in our Leadership Experience 2025 and also incurred a discrete tax item, which in the aggregate, negatively impacted Q3 EPS by $0.11.",HIGH,SUPPORTED,near,99.5
SBUX_FQ3_2025,SBUX,Consumer Cyclical/Restaurants,HOLD,13,"North America operating margin contracted due to deleverage, investments, and inflation.","Operating margin of 13.3% contracted from 21.0% in the prior year, primarily driven by deleverage, investments in support of 'Back to Starbucks,' including additional labor and the Leadership Experience 2025, and inflation.",HIGH,SUPPORTED,near,99.1
SBUX_FQ3_2025,SBUX,Consumer Cyclical/Restaurants,HOLD,14,International operating margin contracted due to increased promotional activity.,"Operating margin of 13.6% contracted from 15.6% in the prior year, primarily driven by increased promotional activity.",HIGH,SUPPORTED,exact,100.0
SBUX_FQ3_2025,SBUX,Consumer Cyclical/Restaurants,HOLD,15,"Channel Development operating margin contracted due to decline in joint venture income, mix shift, and higher costs.","Operating margin of 45.1% contracted from 53.7% in the prior year, primarily driven by a decline in our North American Coffee Partnership joint venture income, mix shift, and higher global product costs.",HIGH,SUPPORTED,exact,100.0
SBUX_FQ3_2025,SBUX,Consumer Cyclical/Restaurants,HOLD,16,The company completed a $1.75 billion bond issuance.,"In May, the company completed a $1.75 billion bond issuance.",HIGH,SUPPORTED,exact,100.0
SBUX_FQ3_2025,SBUX,Consumer Cyclical/Restaurants,HOLD,17,The company appointed a new COO.,"In June, the company announced that Mike Grams had been appointed chief operating officer, as well as other organizational changes to accelerate getting 'Back to Starbucks.'",HIGH,SUPPORTED,near,98.8
SBUX_FQ3_2025,SBUX,Consumer Cyclical/Restaurants,HOLD,18,The company hosted Leadership Experience 2025.,"In June, the company hosted over 14,000 coffeehouse leaders from across North America at its largest ever Leadership Experience 2025.",HIGH,SUPPORTED,exact,100.0
SBUX_FQ3_2025,SBUX,Consumer Cyclical/Restaurants,HOLD,19,The company expanded the Assistant Store Manager role.,"During the event, the company announced the expansion of the Assistant Store Manager Role across U.S. company-operated stores, an important step toward our goal of growing talent internally and hiring 90% of retail leaders from within.",HIGH,SUPPORTED,exact,100.0
SBUX_FQ3_2025,SBUX,Consumer Cyclical/Restaurants,HOLD,20,The company elected two new board members.,"In June, the company announced the election of two new members to its Board of Directors (the 'Board'): Marissa Mayer, Co-founder and Chief Executive Officer of Sunshine Products, Inc., and Dr. Dambisa Moyo, Co-principal of Versaca Investments.",HIGH,SUPPORTED,near,99.2
SBUX_FQ3_2025,SBUX,Consumer Cyclical/Restaurants,HOLD,21,The company declared a dividend of $0.61 per share.,"The Board declared a cash dividend of $0.61 per share, payable on August 29, 2025, to shareholders of record on August 15, 2025.",HIGH,SUPPORTED,exact,100.0
CMG_FQ3_2025,CMG,Consumer Cyclical/Restaurants,SELL,0,Total revenue increased 7.5% to $3.0 billion in Q3 2025.,"Total revenue in the third quarter of 2025 was $3.0 billion, an increase of 7.5% compared to the third quarter of 2024.",HIGH,SUPPORTED,exact,100.0
CMG_FQ3_2025,CMG,Consumer Cyclical/Restaurants,SELL,1,Comparable restaurant sales increased 0.3% in Q3 2025.,Comparable restaurant sales increased 0.3%,HIGH,SUPPORTED,exact,100.0
CMG_FQ3_2025,CMG,Consumer Cyclical/Restaurants,SELL,2,"Diluted EPS was $0.29, a 3.6% increase from $0.28.","Diluted earnings per share was $0.29, a 3.6% increase from $0.28",HIGH,SUPPORTED,exact,100.0
CMG_FQ3_2025,CMG,Consumer Cyclical/Restaurants,SELL,3,"Adjusted diluted EPS was $0.29, a 7.4% increase from $0.27.","Adjusted diluted earnings per share was $0.29, a 7.4% increase from $0.27",HIGH,SUPPORTED,exact,100.0
CMG_FQ3_2025,CMG,Consumer Cyclical/Restaurants,SELL,4,Full-year 2025 comparable restaurant sales are expected to decline in the low-single-digit range.,Full year comparable restaurant sales declines in the low-single digit range,HIGH,SUPPORTED,exact,100.0
CMG_FQ3_2025,CMG,Consumer Cyclical/Restaurants,SELL,5,Q4 2025 comparable sales are expected to decline low-to-mid-single-digit.,we expect comps in Q4 to decline somewhere in the low to mid-single-digit range.,HIGH,SUPPORTED,exact,100.0
CMG_FQ3_2025,CMG,Consumer Cyclical/Restaurants,SELL,6,Operating margin decreased to 15.9% from 16.9%.,"Operating margin was 15.9%, a decrease from 16.9%",HIGH,SUPPORTED,exact,100.0
CMG_FQ3_2025,CMG,Consumer Cyclical/Restaurants,SELL,7,Restaurant level operating margin decreased to 24.5% from 25.5%.,"Restaurant level operating margin was 24.5%, a decrease from 25.5%",HIGH,SUPPORTED,exact,100.0
CMG_FQ3_2025,CMG,Consumer Cyclical/Restaurants,SELL,8,Management cites persistent macroeconomic pressures and consumer pullback.,"While we continue to see persistent macroeconomic pressures, our extraordinary value proposition and brand strength remain strong",HIGH,SUPPORTED,exact,100.0
CMG_FQ3_2025,CMG,Consumer Cyclical/Restaurants,SELL,9,Inflation in beef and chicken and tariffs are pressuring costs.,"This decrease was partially offset by inflation, primarily in beef and chicken, and the impact from newly enacted tariffs.",HIGH,SUPPORTED,exact,100.0
CMG_FQ3_2025,CMG,Consumer Cyclical/Restaurants,SELL,10,Management plans a slow and measured approach to pricing in 2026 and will not fully offset inflation.,we are going to take a slow and measured approach to pricing in 2026... we do not plan to fully offset inflation in 2026. And so this will pressure margins in the near term,HIGH,SUPPORTED,near,100.0
CMG_FQ3_2025,CMG,Consumer Cyclical/Restaurants,SELL,11,Chipotlanes are performing well and enhancing returns.,"Chipotlanes continue to perform well and are helping enhance guest access and convenience, as well as increase new restaurant sales, margins, and returns.",HIGH,SUPPORTED,exact,100.0
CMG_FQ3_2025,CMG,Consumer Cyclical/Restaurants,SELL,12,Menu innovation is driving trial and transaction lift.,We also saw a strong reaction when we launched carne asada and even red chimichurri in early October.,HIGH,SUPPORTED,near,99.0
CMG_FQ3_2025,CMG,Consumer Cyclical/Restaurants,SELL,13,HEAT throughput pilot is showing positive results.,"we are already seeing labor efficiency gains. We are seeing better culinary, better food scores, better guest experience scores.",HIGH,SUPPORTED,exact,100.0
CMG_FQ3_2025,CMG,Consumer Cyclical/Restaurants,SELL,14,Summer of Extras promotion reengaged core consumers.,We were able to reengage them through the Summer of Extras promotion that we ran both through our loyalty rewards campaign as well as some digital initiatives,HIGH,SUPPORTED,exact,100.0
CMG_FQ3_2025,CMG,Consumer Cyclical/Restaurants,SELL,15,2026 openings are planned at 350-370.,"For 2026, management is anticipating the following: 350 to 370 new restaurant openings, including 10 to 15 international partner-operated restaurants.",HIGH,SUPPORTED,near,98.7
CMG_FQ3_2025,CMG,Consumer Cyclical/Restaurants,SELL,16,Management tone is cautious.,"when you account for this recent trend as well as the ongoing uncertainty in the economy, the way that we are kind of looking at Q4 is really with a much more conservative view.",HIGH,SUPPORTED,exact,100.0
EXPE_FQ2_2025,EXPE,Consumer Cyclical/Travel Services,BUY,0,"Revenue for Q2 2025 was $3,786 million, up 6% year-over-year.","Revenue $3,786 $3,558 6%",HIGH,SUPPORTED,exact,100.0
EXPE_FQ2_2025,EXPE,Consumer Cyclical/Travel Services,BUY,1,"GAAP diluted EPS decreased 11% to $2.48, while Adjusted EPS grew 21% to $4.24.",Diluted earnings per share $2.48 $2.80 (11)% ... Adjusted EPS* $4.24 $3.51 21%,HIGH,SUPPORTED,near,100.0
EXPE_FQ2_2025,EXPE,Consumer Cyclical/Travel Services,BUY,2,Full-year guidance for gross bookings and revenue was raised by 1 point each.,"For the full year, we expect gross bookings and revenue growth of 3% to 5%, which represents a 1 point increase versus our previous guidance.",HIGH,SUPPORTED,exact,100.0
EXPE_FQ2_2025,EXPE,Consumer Cyclical/Travel Services,BUY,3,"Full-year adjusted EBITDA margin expansion guidance was raised to a full point, at the high end of the prior range.","For the year, we expect adjusted EBITDA margin expansion of a full point. This is at the high end of our previous guidance of 75 to 100 basis points.",HIGH,SUPPORTED,exact,100.0
EXPE_FQ2_2025,EXPE,Consumer Cyclical/Travel Services,BUY,4,Q2 adjusted EBITDA margin expanded 190 basis points year-over-year.,Adjusted EBITDA increased 16% with 190 basis points of margin expansion,HIGH,SUPPORTED,exact,100.0
EXPE_FQ2_2025,EXPE,Consumer Cyclical/Travel Services,BUY,5,The Q2 beat included a 1 point benefit from foreign exchange.,"Gross bookings were $30.4 billion, up 5%, which includes a 1 point benefit from foreign exchange.",HIGH,SUPPORTED,exact,100.0
EXPE_FQ2_2025,EXPE,Consumer Cyclical/Travel Services,BUY,6,Management expressed confidence in the outlook despite U.S. consumer uncertainty.,"We are off to a good start in the first half of the year with adjusted EBITDA margin up over 1.5 points. In the second half, we will benefit from the cost actions we announced with our first quarter results. In addition, we expect to deliver additional EBITDA margin expansion from our B2C marketing leverage.",HIGH,SUPPORTED,exact,100.0
EXPE_FQ2_2025,EXPE,Consumer Cyclical/Travel Services,BUY,7,Key risks include soft U.S. travel market and consumer caution.,"The U.S. travel market was muted in the second quarter. Consumers at the higher end of the market remained resilient, with those at the lower end, taking a more cautious approach to discretionary spending.",HIGH,SUPPORTED,exact,100.0
EXPE_FQ2_2025,EXPE,Consumer Cyclical/Travel Services,BUY,8,Key opportunities include B2B and Advertising growth.,"B2B and Advertising continued their strong performance. B2B bookings grew 17%, outpacing the market and delivering our 16th consecutive quarter of double-digit growth. Advertising revenue grew 19%, with a record number of active partners and momentum across both sponsored listings and display ads.",HIGH,SUPPORTED,exact,100.0
EXPE_FQ2_2025,EXPE,Consumer Cyclical/Travel Services,BUY,9,Management tone is confident.,"We delivered a solid second quarter, surpassing our top and bottom line expectations",HIGH,SUPPORTED,exact,100.0
EXPE_FQ1_2025,EXPE,Consumer Cyclical/Travel Services,HOLD,0,"Revenue was $2,988 million, up 3% year-over-year.","Revenue $2,988 $2,889 3%",HIGH,SUPPORTED,exact,100.0
EXPE_FQ1_2025,EXPE,Consumer Cyclical/Travel Services,HOLD,1,"Diluted loss per share was ($1.56) and Adjusted EPS was $0.40, up 90% year-over-year.",Diluted loss per share was ($1.56) in the quarter while Adjusted EPS was $0.40 and grew 90% versus the prior year.,HIGH,SUPPORTED,exact,100.0
EXPE_FQ1_2025,EXPE,Consumer Cyclical/Travel Services,HOLD,2,Full-year guidance for gross bookings and revenue was revised down to 2-4% growth.,"As we consider the same factors for the full year, we are revising our guidance for gross bookings and revenue. Our updated guidance is 2% to 4%.",HIGH,SUPPORTED,exact,100.0
EXPE_FQ1_2025,EXPE,Consumer Cyclical/Travel Services,HOLD,3,Q2 2025 guidance implies gross bookings growth of 2-4% and revenue growth of 3-5%.,"Given our performance to date in the continued macroeconomic uncertainty in the US and into the US, we expect our second quarter to deliver gross bookings growth of 2% to 4% and revenue growth of 3% to 5% with approximately 75 basis points to 100 basis points of EBITDA margin expansion.",HIGH,SUPPORTED,exact,100.0
EXPE_FQ1_2025,EXPE,Consumer Cyclical/Travel Services,HOLD,4,"Adjusted EBITDA margin was 9.9%, up 105 bps year-over-year.",Adjusted EBITDA increased 16% with 105 basis points of margin expansion,HIGH,SUPPORTED,exact,100.0
EXPE_FQ1_2025,EXPE,Consumer Cyclical/Travel Services,HOLD,5,Softer-than-expected US travel demand was a key risk.,This was at the lower end of our range due to weaker-than-expected travel demand in the US and into the US.,HIGH,SUPPORTED,exact,100.0
EXPE_FQ1_2025,EXPE,Consumer Cyclical/Travel Services,HOLD,6,Inbound travel to the US declined 7%.,We also noticed softness in demand for inbound travel into the US which was down 7%.,HIGH,SUPPORTED,exact,100.0
EXPE_FQ1_2025,EXPE,Consumer Cyclical/Travel Services,HOLD,7,B2B gross bookings grew 14%.,"B2B gross bookings of $8.8 billion grew 14%, materially above the market",HIGH,SUPPORTED,exact,100.0
EXPE_FQ1_2025,EXPE,Consumer Cyclical/Travel Services,HOLD,8,Advertising revenue grew 20%.,our advertising revenue of $174 million grew 20%.,HIGH,SUPPORTED,exact,100.0
EXPE_FQ1_2025,EXPE,Consumer Cyclical/Travel Services,HOLD,9,"Management tone was mixed, balancing confidence in execution with caution on the macro environment.","We delivered results within our guidance range this quarter amidst softer US travel demand, thanks to our strong execution, disciplined cost management and the global reach of our platform. Against the backdrop of an uncertain macro environment, we're laser-focused on what's in our control and pushing forward our strategic priorities.",HIGH,SUPPORTED,exact,100.0
EXPE_FQ1_2026,EXPE,Consumer Cyclical/Travel Services,SELL,0,"Revenue was $3,426 million, up 15% year-over-year.","Revenue grew 15%, driven by B2B, which grew 25%.",HIGH,SUPPORTED,exact,100.0
EXPE_FQ1_2026,EXPE,Consumer Cyclical/Travel Services,SELL,1,"GAAP diluted loss per share was $(0.05), improved 97% year-over-year.",Diluted GAAP loss per share decreased 97% while Adjusted EPS grew 386%.,HIGH,SUPPORTED,exact,100.0
EXPE_FQ1_2026,EXPE,Consumer Cyclical/Travel Services,SELL,2,"Adjusted EPS was $1.96, up 386% year-over-year.",Adjusted EPS* $1.96 $0.40 386%,HIGH,SUPPORTED,exact,100.0
EXPE_FQ1_2026,EXPE,Consumer Cyclical/Travel Services,SELL,3,"Full-year guidance was reiterated, not raised.","As a result, we reiterate our expectations for gross bookings growth of 6% to 8% and revenue growth of 6% to 9%, including approximately 1 and 2 points of foreign exchange tailwind, respectively.",HIGH,SUPPORTED,exact,100.0
EXPE_FQ1_2026,EXPE,Consumer Cyclical/Travel Services,SELL,4,Q2 2026 guidance includes gross bookings growth of 7-9% and revenue growth of 9-11%.,"For the second quarter, we expect gross bookings growth of 7% to 9% and revenue growth of 9% to 11%.",HIGH,SUPPORTED,exact,100.0
EXPE_FQ1_2026,EXPE,Consumer Cyclical/Travel Services,SELL,5,Adjusted EBITDA margin expanded by 591 basis points year-over-year.,Adjusted EBITDA increased 83% with 591 basis points of margin expansion.,HIGH,SUPPORTED,exact,100.0
EXPE_FQ1_2026,EXPE,Consumer Cyclical/Travel Services,SELL,6,The strong results were partially attributed to foreign exchange tailwinds.,"Revenue increased 15% to $3.4 billion with foreign exchange contributing approximately 3 points to bookings and nearly 5 points to revenue, roughly 1 point higher than we had anticipated.",HIGH,SUPPORTED,exact,100.0
EXPE_FQ1_2026,EXPE,Consumer Cyclical/Travel Services,SELL,7,"The macro environment became more volatile in March, impacting results.","However, the macroenvironment became more volatile as we entered March, resulting in higher cancellations and more moderate booking trends late in the quarter.",HIGH,SUPPORTED,exact,100.0
EXPE_FQ1_2026,EXPE,Consumer Cyclical/Travel Services,SELL,8,April saw a rebound in bookings and cancellations normalized.,Cancellation rates stabilized in early April and booking activity reaccelerated throughout the month.,HIGH,SUPPORTED,exact,100.0
EXPE_FQ1_2026,EXPE,Consumer Cyclical/Travel Services,SELL,9,B2B segment grew bookings by 22%.,"B2B gross bookings grew 22% to $10.7 billion, led by an acceleration in North America and double-digit growth across all core regions.",HIGH,SUPPORTED,exact,100.0
EXPE_FQ1_2026,EXPE,Consumer Cyclical/Travel Services,SELL,10,"B2C segment grew bookings by 10%, the fastest pace in 12 quarters.","Our consumer brands grew bookings by 10%, the fastest pace in 12 quarters.",HIGH,SUPPORTED,exact,100.0
EXPE_FQ1_2026,EXPE,Consumer Cyclical/Travel Services,SELL,11,A new $5 billion share repurchase authorization was announced.,"And today, we announced that our Board approved a new $5 billion share repurchase authorization.",HIGH,SUPPORTED,exact,100.0
EXPE_FQ1_2026,EXPE,Consumer Cyclical/Travel Services,SELL,12,Management is confident in the company's ability to drive value.,"Looking ahead, we remain confident in our ability to drive increasing value for travelers, partners, and shareholders.",HIGH,SUPPORTED,exact,100.0
EXPE_FQ1_2026,EXPE,Consumer Cyclical/Travel Services,SELL,13,Management is cautious about the full-year outlook due to macro uncertainty.,"For Q2 and the full year, we acknowledge there could be potential upside. But given the volatility we have seen recently and the ongoing geopolitical and macroeconomic uncertainty, we believe it is prudent to maintain our current full-year outlook and provide an update when we report Q2 earnings.",HIGH,SUPPORTED,exact,100.0
EXPE_FQ1_2026,EXPE,Consumer Cyclical/Travel Services,SELL,14,AI-related token costs are expected to increase.,I expect token costs to go up we're going to be adding back skills that we need to optimize our AI plans. And I think that will put some upward pressure on costs.,HIGH,SUPPORTED,exact,100.0
EXPE_FQ1_2026,EXPE,Consumer Cyclical/Travel Services,SELL,15,The company faces intense competition from various sources.,"intense competition from online travel agencies, suppliers, search engines, B2B businesses offering competing travel technology solutions and services, and emerging AI-powered platforms;",HIGH,SUPPORTED,exact,100.0
EXPE_FQ1_2026,EXPE,Consumer Cyclical/Travel Services,SELL,16,Vacation rentals on Expedia reached an annualized run rate of $1 billion.,"For the first time, vacation rentals on Expedia reached an annualized run rate of $1 billion, demonstrating that our investment in a unified lodging shopping experience is scaling successfully.",HIGH,SUPPORTED,exact,100.0
EXPE_FQ1_2026,EXPE,Consumer Cyclical/Travel Services,SELL,17,New partnerships with Uber and Bank of Montreal AIR MILES were announced.,"We announced an exclusive partnership with Bank of Montreal AIR MILES, and just last week, became the exclusive hotel partner for Uber.",HIGH,SUPPORTED,exact,100.0
EXPE_FQ1_2026,EXPE,Consumer Cyclical/Travel Services,SELL,18,Supplier-funded promotions are driving engagement.,"25% more hotels participated in our March sale this year, and more than a third of Vrbo bookings last quarter came from supplier-funded promotions.",HIGH,SUPPORTED,exact,100.0
EXPE_FQ1_2026,EXPE,Consumer Cyclical/Travel Services,SELL,19,The company repurchased $700 million of shares in Q1.,"In the first quarter, we utilized $700 million to repurchase 3.3 million shares of our common stock at an average price of $212 per share.",HIGH,SUPPORTED,exact,100.0
