document_id,section_header,own_mentions_per_1k,top_other_issuer,top_other_mentions_per_1k,flagged,flag_reason,run_id
ABNB_FQ1_2026,=== EARNINGS CALL TRANSCRIPT ===,7.7,p2_booking_holdings,1.11,False,,section_attr_20260812_220351
ABNB_FQ1_2026,=== PRESS RELEASE ===,11.07,p2_booking_holdings,2.77,False,,section_attr_20260812_220351
ABNB_FQ2_2025,=== EARNINGS CALL TRANSCRIPT ===,10.28,p2_booking_holdings,1.11,False,,section_attr_20260812_220351
ABNB_FQ2_2025,=== PRESS RELEASE ===,11.02,p2_booking_holdings,1.57,False,,section_attr_20260812_220351
ABNB_FQ3_2025,=== EARNINGS CALL TRANSCRIPT ===,9.08,p2_goldman_sachs,0.67,False,,section_attr_20260812_220351
ABNB_FQ3_2025,=== PRESS RELEASE ===,9.09,p2_booking_holdings,4.13,False,,section_attr_20260812_220351
ABNB_FQ4_2025,=== EARNINGS CALL TRANSCRIPT ===,7.24,p2_booking_holdings,1.36,False,,section_attr_20260812_220351
ABNB_FQ4_2025,=== PRESS RELEASE ===,8.42,p2_booking_holdings,1.68,False,,section_attr_20260812_220351
AMZN_FQ1_2026,=== EARNINGS DOCUMENT ===,9.7,p2_alphabet,1.21,False,,section_attr_20260812_220351
AMZN_FQ1_2026,=== EARNINGS CALL TRANSCRIPT ===,8.33,p2_apple,0.35,False,,section_attr_20260812_220351
AMZN_FQ3_2025,=== EARNINGS DOCUMENT ===,11.28,p2_alphabet,1.25,False,,section_attr_20260812_220351
AMZN_FQ3_2025,=== EARNINGS CALL TRANSCRIPT ===,9.36,p2_nvidia,0.74,False,,section_attr_20260812_220351
AMZN_FQ4_2025,=== EARNINGS DOCUMENT ===,12.95,p2_alphabet,1.3,False,,section_attr_20260812_220351
AMZN_FQ4_2025,=== EARNINGS CALL TRANSCRIPT ===,9.21,p2_alphabet,0.21,False,,section_attr_20260812_220351
AMD_FQ1_2026,=== EARNINGS DOCUMENT ===,8.48,p2_alphabet,1.21,False,,section_attr_20260812_220351
AMD_FQ1_2026,=== EARNINGS CALL TRANSCRIPT ===,2.25,p2_alphabet,0.1,False,,section_attr_20260812_220351
AMD_FQ2_2025,=== EARNINGS DOCUMENT ===,12.27,p2_alphabet,1.23,False,,section_attr_20260812_220351
AMD_FQ2_2025,=== EARNINGS CALL TRANSCRIPT ===,3.24,p2_alphabet,0.32,False,,section_attr_20260812_220351
AMD_FQ4_2025,=== EARNINGS DOCUMENT ===,8.6,p2_alphabet,1.23,False,,section_attr_20260812_220351
AMD_FQ4_2025,=== EARNINGS CALL TRANSCRIPT ===,2.03,p2_alphabet,0.34,False,,section_attr_20260812_220351
AAPL_FQ1_2026,=== EARNINGS CALL TRANSCRIPT ===,6.9,p2_alphabet,1.32,False,,section_attr_20260812_220351
AAPL_FQ1_2026,=== PRESS RELEASE ===,15.11,,0.0,False,,section_attr_20260812_220351
AAPL_FQ3_2025,=== EARNINGS CALL TRANSCRIPT ===,6.42,p2_alphabet,0.22,False,,section_attr_20260812_220351
AAPL_FQ3_2025,=== PRESS RELEASE ===,14.59,,0.0,False,,section_attr_20260812_220351
AAPL_FQ4_2025,=== EARNINGS CALL TRANSCRIPT ===,7.09,p2_broadcom,0.23,False,,section_attr_20260812_220351
AAPL_FQ4_2025,=== PRESS RELEASE ===,13.61,,0.0,False,,section_attr_20260812_220351
CVS_FQ1_2026,=== EARNINGS CALL TRANSCRIPT ===,9.15,p2_goldman_sachs,0.58,False,,section_attr_20260812_220351
CVS_FQ1_2026,=== PRESS RELEASE ===,11.48,p2_alphabet,0.64,False,,section_attr_20260812_220351
CVS_FQ2_2025,=== EARNINGS CALL TRANSCRIPT ===,2.33,p2_barclays,0.21,False,,section_attr_20260812_220351
CVS_FQ2_2025,=== PRESS RELEASE ===,12.93,,0.0,False,,section_attr_20260812_220351
CVS_FQ3_2025,=== EARNINGS CALL TRANSCRIPT ===,7.79,p2_barclays,0.28,False,,section_attr_20260812_220351
CVS_FQ3_2025,=== PRESS RELEASE ===,8.58,,0.0,False,,section_attr_20260812_220351
CVS_FQ4_2025,=== EARNINGS CALL TRANSCRIPT ===,9.97,p2_barclays,0.28,False,,section_attr_20260812_220351
CVS_FQ4_2025,=== PRESS RELEASE ===,7.04,,0.0,False,,section_attr_20260812_220351
SCHW_FQ1_2025,=== EARNINGS CALL TRANSCRIPT ===,5.18,p2_alphabet,0.27,False,,section_attr_20260812_220351
SCHW_FQ1_2025,=== PRESS RELEASE ===,12.45,,0.0,False,,section_attr_20260812_220351
SCHW_FQ1_2026,=== EARNINGS CALL TRANSCRIPT ===,6.16,p2_alphabet,0.27,False,,section_attr_20260812_220351
SCHW_FQ1_2026,=== PRESS RELEASE ===,13.22,,0.0,False,,section_attr_20260812_220351
SCHW_FQ2_2025,=== EARNINGS CALL TRANSCRIPT ===,4.74,p2_spotify,0.47,False,,section_attr_20260812_220351
SCHW_FQ2_2025,=== PRESS RELEASE ===,11.94,,0.0,False,,section_attr_20260812_220351
SCHW_FQ3_2025,=== EARNINGS CALL TRANSCRIPT ===,5.68,p2_spotify,0.54,False,,section_attr_20260812_220351
SCHW_FQ3_2025,=== PRESS RELEASE ===,12.18,,0.0,False,,section_attr_20260812_220351
SCHW_FQ4_2025,=== EARNINGS CALL TRANSCRIPT ===,4.53,p2_spotify,0.48,False,,section_attr_20260812_220351
SCHW_FQ4_2025,=== PRESS RELEASE ===,11.45,,0.0,False,,section_attr_20260812_220351
C_FQ1_2025,=== SUPPLEMENTAL INFORMATION ===,5.45,,0.0,False,,section_attr_20260812_220351
C_FQ1_2025,=== PRESS RELEASE ===,15.86,p2_meta,0.28,False,,section_attr_20260812_220351
C_FQ1_2025,=== EARNINGS PRESENTATION ===,10.66,p2_jpm,0.33,False,,section_attr_20260812_220351
C_FQ2_2025,=== SUPPLEMENTAL INFORMATION ===,4.96,,0.0,False,,section_attr_20260812_220351
C_FQ2_2025,=== PRESS RELEASE ===,16.1,p2_meta,0.28,False,,section_attr_20260812_220351
C_FQ2_2025,=== EARNINGS PRESENTATION ===,8.54,p2_jpm,0.31,False,,section_attr_20260812_220351
C_FQ3_2025,=== SUPPLEMENTAL INFORMATION ===,4.81,,0.0,False,,section_attr_20260812_220351
C_FQ3_2025,=== PRESS RELEASE ===,17.78,p2_meta,0.26,False,,section_attr_20260812_220351
C_FQ3_2025,=== EARNINGS PRESENTATION ===,3.77,p2_barclays,0.16,False,,section_attr_20260812_220351
C_FQ3_2025,=== EARNINGS PRESENTATION ===,10.13,p2_jpm,0.38,False,,section_attr_20260812_220351
C_FQ4_2025,=== SUPPLEMENTAL INFORMATION ===,7.65,,0.0,False,,section_attr_20260812_220351
C_FQ4_2025,=== PRESS RELEASE ===,13.05,p2_meta,0.29,False,,section_attr_20260812_220351
C_FQ4_2025,=== EARNINGS PRESENTATION ===,4.42,p2_bank_of_america,0.08,False,,section_attr_20260812_220351
C_FQ4_2025,=== EARNINGS PRESENTATION ===,9.23,p2_jpm,0.44,False,,section_attr_20260812_220351
C_FQ4_2025,=== SUPPLEMENTAL INFORMATION ===,7.58,,0.0,False,,section_attr_20260812_220351
KO_FQ1_2026,=== EARNINGS CALL TRANSCRIPT ===,3.29,p2_mcdonalds,0.41,False,,section_attr_20260812_220351
KO_FQ1_2026,=== PRESS RELEASE ===,8.66,,0.0,False,,section_attr_20260812_220351
KO_FQ2_2025,=== EARNINGS CALL TRANSCRIPT ===,3.19,p2_goldman_sachs,0.21,False,,section_attr_20260812_220351
KO_FQ2_2025,=== PRESS RELEASE ===,14.91,,0.0,False,,section_attr_20260812_220351
KO_FQ4_2025,=== EARNINGS CALL TRANSCRIPT ===,3.13,p2_pepsico,0.2,False,,section_attr_20260812_220351
KO_FQ4_2025,=== PRESS RELEASE ===,6.98,,0.0,False,,section_attr_20260812_220351
COIN_FQ1_2026,=== EARNINGS DOCUMENT ===,12.14,p2_alphabet,1.1,False,,section_attr_20260812_220351
COIN_FQ1_2026,=== EARNINGS CALL TRANSCRIPT ===,6.12,p2_spotify,0.95,False,,section_attr_20260812_220351
COIN_FQ3_2025,=== EARNINGS DOCUMENT ===,9.11,p2_alphabet,1.14,False,,section_attr_20260812_220351
COIN_FQ3_2025,=== EARNINGS CALL TRANSCRIPT ===,6.37,p2_spotify,1.66,False,,section_attr_20260812_220351
COIN_FQ4_2025,=== EARNINGS DOCUMENT ===,9.71,p2_alphabet,1.08,False,,section_attr_20260812_220351
COIN_FQ4_2025,=== EARNINGS CALL TRANSCRIPT ===,4.63,p2_goldman_sachs,0.26,False,,section_attr_20260812_220351
LLY_FQ1_2026,=== EARNINGS DOCUMENT ===,19.23,p2_alphabet,1.13,False,,section_attr_20260812_220351
LLY_FQ1_2026,=== EARNINGS CALL TRANSCRIPT ===,23.78,,0.0,False,,section_attr_20260812_220351
LLY_FQ3_2025,=== EARNINGS DOCUMENT ===,22.17,p2_cvs_health,2.22,False,,section_attr_20260812_220351
LLY_FQ3_2025,=== EARNINGS CALL TRANSCRIPT ===,22.89,,0.0,False,,section_attr_20260812_220351
LLY_FQ4_2025,=== EARNINGS DOCUMENT ===,16.93,p2_alphabet,1.13,False,,section_attr_20260812_220351
LLY_FQ4_2025,=== EARNINGS CALL TRANSCRIPT ===,24.97,p2_nvidia,2.38,False,,section_attr_20260812_220351
GS_FQ1_2025,=== EARNINGS CALL TRANSCRIPT ===,4.32,p2_alphabet,0.35,False,,section_attr_20260812_220351
GS_FQ1_2025,=== PRESS RELEASE ===,11.39,,0.0,False,,section_attr_20260812_220351
GS_FQ1_2026,=== EARNINGS CALL TRANSCRIPT ===,4.61,p2_apple,0.22,False,,section_attr_20260812_220351
GS_FQ1_2026,=== PRESS RELEASE ===,10.51,p2_apple,1.17,False,,section_attr_20260812_220351
GS_FQ2_2025,=== EARNINGS CALL TRANSCRIPT ===,3.74,p2_meta,0.18,False,,section_attr_20260812_220351
GS_FQ2_2025,=== PRESS RELEASE ===,9.74,,0.0,False,,section_attr_20260812_220351
GS_FQ2_2026,=== EARNINGS CALL TRANSCRIPT ===,6.28,p2_united_airlines,0.52,False,,section_attr_20260812_220351
GS_FQ2_2026,=== PRESS RELEASE ===,9.88,p2_apple,1.1,False,,section_attr_20260812_220351
GS_FQ3_2025,=== EARNINGS CALL TRANSCRIPT ===,7.2,p2_apple,0.39,False,,section_attr_20260812_220351
GS_FQ3_2025,=== PRESS RELEASE ===,9.99,,0.0,False,,section_attr_20260812_220351
GS_FQ4_2025,=== EARNINGS CALL TRANSCRIPT ===,6.15,p2_apple,1.24,False,,section_attr_20260812_220351
GS_FQ4_2025,=== PRESS RELEASE ===,10.86,p2_apple,2.41,False,,section_attr_20260812_220351
IBM_FQ1_2026,=== EARNINGS DOCUMENT ===,7.71,,0.0,False,,section_attr_20260812_220351
IBM_FQ1_2026,=== EARNINGS CALL TRANSCRIPT ===,5.08,p2_goldman_sachs,0.19,False,,section_attr_20260812_220351
IBM_FQ2_2025,=== EARNINGS DOCUMENT ===,11.22,,0.0,False,,section_attr_20260812_220351
IBM_FQ2_2025,=== EARNINGS CALL TRANSCRIPT ===,4.01,p2_amazon,0.41,False,,section_attr_20260812_220351
IBM_FQ4_2025,=== EARNINGS DOCUMENT ===,6.85,,0.0,False,,section_attr_20260812_220351
IBM_FQ4_2025,=== EARNINGS CALL TRANSCRIPT ===,5.4,p2_amazon,0.19,False,,section_attr_20260812_220351
LOW_FQ1_2025,=== EARNINGS CALL TRANSCRIPT ===,5.46,p2_jpm,0.46,False,,section_attr_20260812_220351
LOW_FQ1_2025,=== PRESS RELEASE ===,27.84,,0.0,False,,section_attr_20260812_220351
LOW_FQ1_2026,=== EARNINGS CALL TRANSCRIPT ===,5.58,p2_goldman_sachs,0.54,False,,section_attr_20260812_220351
LOW_FQ1_2026,=== PRESS RELEASE ===,22.09,,0.0,False,,section_attr_20260812_220351
LOW_FQ2_2025,=== EARNINGS CALL TRANSCRIPT ===,7.41,p2_jpm,0.45,False,,section_attr_20260812_220351
LOW_FQ2_2025,=== PRESS RELEASE ===,19.5,,0.0,False,,section_attr_20260812_220351
LOW_FQ3_2025,=== EARNINGS CALL TRANSCRIPT ===,6.39,p2_goldman_sachs,0.56,False,,section_attr_20260812_220351
LOW_FQ3_2025,=== PRESS RELEASE ===,20.91,,0.0,False,,section_attr_20260812_220351
LOW_FQ4_2025,=== EARNINGS CALL TRANSCRIPT ===,5.84,p2_goldman_sachs,0.75,False,,section_attr_20260812_220351
LOW_FQ4_2025,=== PRESS RELEASE ===,19.64,,0.0,False,,section_attr_20260812_220351
LULU_FQ1_2026,=== EARNINGS CALL TRANSCRIPT ===,3.56,p2_robinhood_markets,0.28,False,,section_attr_20260812_220351
LULU_FQ1_2026,=== PRESS RELEASE ===,7.53,,0.0,False,,section_attr_20260812_220351
LULU_FQ3_2025,=== EARNINGS CALL TRANSCRIPT ===,2.41,p2_goldman_sachs,0.19,False,,section_attr_20260812_220351
LULU_FQ3_2025,=== PRESS RELEASE ===,7.05,,0.0,False,,section_attr_20260812_220351
LULU_FQ4_2025,=== EARNINGS CALL TRANSCRIPT ===,2.72,p2_goldman_sachs,0.19,False,,section_attr_20260812_220351
LULU_FQ4_2025,=== PRESS RELEASE ===,5.55,,0.0,False,,section_attr_20260812_220351
AMKBY_FQ1_2025,=== EARNINGS DOCUMENT ===,6.01,p2_booking_holdings,0.18,False,,section_attr_20260812_220351
AMKBY_FQ1_2025,=== EARNINGS PRESENTATION ===,2.85,,0.0,False,,section_attr_20260812_220351
AMKBY_FQ1_2025,=== EARNINGS CALL TRANSCRIPT ===,5.18,p2_jpm,0.49,False,,section_attr_20260812_220351
AMKBY_FQ2_2025,=== EARNINGS DOCUMENT ===,5.83,p2_spotify,0.15,False,,section_attr_20260812_220351
AMKBY_FQ2_2025,=== EARNINGS PRESENTATION ===,2.82,,0.0,False,,section_attr_20260812_220351
AMKBY_FQ2_2025,=== EARNINGS CALL TRANSCRIPT ===,2.8,p2_spotify,0.29,False,,section_attr_20260812_220351
AMKBY_FQ3_2025,=== EARNINGS DOCUMENT ===,5.51,p2_spotify,0.16,False,,section_attr_20260812_220351
AMKBY_FQ3_2025,=== EARNINGS PRESENTATION ===,2.62,,0.0,False,,section_attr_20260812_220351
AMKBY_FQ3_2025,=== EARNINGS CALL TRANSCRIPT ===,4.57,p2_goldman_sachs,0.8,False,,section_attr_20260812_220351
AMKBY_FQ4_2025,=== EARNINGS PRESENTATION ===,2.66,,0.0,False,,section_attr_20260812_220351
AMKBY_FQ4_2025,=== PRESS RELEASE ===,16.47,,0.0,False,,section_attr_20260812_220351
AMKBY_FQ4_2025,=== EARNINGS CALL TRANSCRIPT ===,5.23,p2_barclays,0.59,False,,section_attr_20260812_220351
MCD_FQ1_2026,=== EARNINGS CALL TRANSCRIPT ===,2.99,p2_spotify,0.19,False,,section_attr_20260812_220351
MCD_FQ1_2026,=== EARNINGS DOCUMENT ===,6.49,,0.0,False,,section_attr_20260812_220351
MCD_FQ4_2024,=== EARNINGS CALL TRANSCRIPT ===,2.53,p2_robinhood_markets,0.18,False,,section_attr_20260812_220351
MCD_FQ4_2024,=== EARNINGS DOCUMENT ===,4.11,,0.0,False,,section_attr_20260812_220351
MCD_FQ4_2025,=== EARNINGS DOCUMENT ===,4.57,,0.0,False,,section_attr_20260812_220351
MCD_FQ4_2025,=== EARNINGS CALL TRANSCRIPT ===,3.62,p2_amazon,0.09,False,,section_attr_20260812_220351
META_FQ1_2026,=== EARNINGS DOCUMENT ===,13.39,p2_alphabet,1.12,False,,section_attr_20260812_220351
META_FQ1_2026,=== EARNINGS CALL TRANSCRIPT ===,4.6,p2_goldman_sachs,0.2,False,,section_attr_20260812_220351
META_FQ3_2025,=== EARNINGS DOCUMENT ===,13.06,p2_alphabet,1.09,False,,section_attr_20260812_220351
META_FQ3_2025,=== EARNINGS CALL TRANSCRIPT ===,5.05,p2_goldman_sachs,0.21,False,,section_attr_20260812_220351
META_FQ4_2025,=== EARNINGS DOCUMENT ===,11.0,p2_alphabet,1.1,False,,section_attr_20260812_220351
META_FQ4_2025,=== EARNINGS CALL TRANSCRIPT ===,4.97,p2_goldman_sachs,0.2,False,,section_attr_20260812_220351
NKE_FQ1_2025,=== EARNINGS DOCUMENT ===,25.28,,0.0,False,,section_attr_20260812_220351
NKE_FQ1_2025,=== EARNINGS CALL TRANSCRIPT ===,10.01,p2_goldman_sachs,0.23,False,,section_attr_20260812_220351
NKE_FQ2_2025,=== EARNINGS DOCUMENT ===,24.17,,0.0,False,,section_attr_20260812_220351
NKE_FQ2_2025,=== EARNINGS CALL TRANSCRIPT ===,9.27,p2_goldman_sachs,0.19,False,,section_attr_20260812_220351
NKE_FQ3_2025,=== EARNINGS DOCUMENT ===,21.66,,0.0,False,,section_attr_20260812_220351
NKE_FQ3_2025,=== EARNINGS CALL TRANSCRIPT ===,9.77,p2_goldman_sachs,0.2,False,,section_attr_20260812_220351
NVDA_FQ1_2025,=== EARNINGS CALL TRANSCRIPT ===,5.68,p2_jpm,0.45,False,,section_attr_20260812_220351
NVDA_FQ1_2025,=== EARNINGS DOCUMENT ===,12.85,p2_netflix,1.93,False,,section_attr_20260812_220351
NVDA_FQ2_2025,=== EARNINGS CALL TRANSCRIPT ===,5.75,p2_microsoft,1.08,False,,section_attr_20260812_220351
NVDA_FQ2_2025,=== EARNINGS DOCUMENT ===,12.48,p2_netflix,2.5,False,,section_attr_20260812_220351
NVDA_FQ3_2025,=== EARNINGS CALL TRANSCRIPT ===,6.67,p2_goldman_sachs,0.99,False,,section_attr_20260812_220351
NVDA_FQ3_2025,=== EARNINGS DOCUMENT ===,12.3,p2_alphabet,0.65,False,,section_attr_20260812_220351
NVDA_FQ4_2025,=== EARNINGS CALL TRANSCRIPT ===,6.93,p2_amazon,0.57,False,,section_attr_20260812_220351
NVDA_FQ4_2025,=== EARNINGS DOCUMENT ===,14.52,p2_alphabet,0.69,False,,section_attr_20260812_220351
TSLA_FQ1_2026,=== EARNINGS DOCUMENT ===,8.88,p2_alphabet,1.11,False,,section_attr_20260812_220351
TSLA_FQ1_2026,=== EARNINGS CALL TRANSCRIPT ===,10.36,p2_goldman_sachs,0.25,False,,section_attr_20260812_220351
TSLA_FQ3_2025,=== EARNINGS DOCUMENT ===,10.75,p2_alphabet,1.08,False,,section_attr_20260812_220351
TSLA_FQ3_2025,=== EARNINGS CALL TRANSCRIPT ===,6.63,p2_nvidia,0.69,False,,section_attr_20260812_220351
TSLA_FQ4_2025,=== EARNINGS DOCUMENT ===,9.66,p2_alphabet,1.07,False,,section_attr_20260812_220351
TSLA_FQ4_2025,=== EARNINGS CALL TRANSCRIPT ===,7.17,p2_nvidia,0.3,False,,section_attr_20260812_220351
UBER_FQ1_2025,=== EARNINGS CALL TRANSCRIPT ===,5.39,p2_goldman_sachs,1.0,False,,section_attr_20260812_220351
UBER_FQ1_2025,=== PRESS RELEASE ===,5.53,,0.0,False,,section_attr_20260812_220351
UBER_FQ1_2026,=== EARNINGS CALL TRANSCRIPT ===,9.33,p2_goldman_sachs,0.79,False,,section_attr_20260812_220351
UBER_FQ1_2026,=== PRESS RELEASE ===,4.81,,0.0,False,,section_attr_20260812_220351
UBER_FQ2_2025,=== EARNINGS CALL TRANSCRIPT ===,7.42,p2_goldman_sachs,1.08,False,,section_attr_20260812_220351
UBER_FQ2_2025,=== PRESS RELEASE ===,5.16,,0.0,False,,section_attr_20260812_220351
UBER_FQ4_2025,=== EARNINGS CALL TRANSCRIPT ===,8.14,p2_goldman_sachs,0.73,False,,section_attr_20260812_220351
UBER_FQ4_2025,=== PRESS RELEASE ===,4.87,,0.0,False,,section_attr_20260812_220351
WMT_FQ1_2025,=== EARNINGS CALL TRANSCRIPT ===,5.83,p2_goldman_sachs,0.49,False,,section_attr_20260812_220351
WMT_FQ1_2025,=== EARNINGS PRESENTATION ===,4.45,,0.0,False,,section_attr_20260812_220351
WMT_FQ1_2025,=== EARNINGS DOCUMENT ===,8.32,p2_meta,0.33,False,,section_attr_20260812_220351
WMT_FQ1_2026,=== EARNINGS CALL TRANSCRIPT ===,7.47,p2_goldman_sachs,0.55,False,,section_attr_20260812_220351
WMT_FQ1_2026,=== EARNINGS PRESENTATION ===,5.02,,0.0,False,,section_attr_20260812_220351
WMT_FQ1_2026,=== EARNINGS DOCUMENT ===,8.65,p2_meta,0.33,False,,section_attr_20260812_220351
WMT_FQ2_2025,=== EARNINGS CALL TRANSCRIPT ===,7.28,p2_goldman_sachs,0.5,False,,section_attr_20260812_220351
WMT_FQ2_2025,=== EARNINGS PRESENTATION ===,3.86,,0.0,False,,section_attr_20260812_220351
WMT_FQ2_2025,=== EARNINGS DOCUMENT ===,7.31,p2_meta,0.29,False,,section_attr_20260812_220351
WMT_FQ3_2025,=== EARNINGS CALL TRANSCRIPT ===,9.43,p2_goldman_sachs,0.5,False,,section_attr_20260812_220351
WMT_FQ3_2025,=== EARNINGS PRESENTATION ===,4.23,,0.0,False,,section_attr_20260812_220351
WMT_FQ3_2025,=== EARNINGS DOCUMENT ===,7.56,p2_meta,0.28,False,,section_attr_20260812_220351
WMT_FQ4_2025,=== EARNINGS CALL TRANSCRIPT ===,7.85,p2_goldman_sachs,0.53,False,,section_attr_20260812_220351
WMT_FQ4_2025,=== EARNINGS PRESENTATION ===,4.53,,0.0,False,,section_attr_20260812_220351
WMT_FQ4_2025,=== EARNINGS DOCUMENT ===,7.59,p2_meta,0.28,False,,section_attr_20260812_220351
BAC_FQ1_2025,=== EARNINGS PRESENTATION ===,0.96,,0.0,False,,section_attr_20260812_220351
BAC_FQ1_2025,=== PRESS RELEASE ===,4.13,,0.0,False,,section_attr_20260812_220351
BAC_FQ1_2025,=== SUPPLEMENTAL INFORMATION ===,0.25,,0.0,False,,section_attr_20260812_220351
BAC_FQ2_2025,=== EARNINGS PRESENTATION ===,0.8,,0.0,False,,section_attr_20260812_220351
BAC_FQ2_2025,=== PRESS RELEASE ===,3.8,,0.0,False,,section_attr_20260812_220351
BAC_FQ2_2025,=== SUPPLEMENTAL INFORMATION ===,0.22,,0.0,False,,section_attr_20260812_220351
BAC_FQ3_2025,=== EARNINGS PRESENTATION ===,0.74,,0.0,False,,section_attr_20260812_220351
BAC_FQ3_2025,=== PRESS RELEASE ===,3.68,,0.0,False,,section_attr_20260812_220351
BAC_FQ3_2025,=== SUPPLEMENTAL INFORMATION ===,0.22,,0.0,False,,section_attr_20260812_220351
BAC_FQ4_2025,=== EARNINGS PRESENTATION ===,0.72,,0.0,False,,section_attr_20260812_220351
BAC_FQ4_2025,=== PRESS RELEASE ===,3.65,,0.0,False,,section_attr_20260812_220351
BAC_FQ4_2025,=== SUPPLEMENTAL INFORMATION ===,0.21,,0.0,False,,section_attr_20260812_220351
BA_FQ1_2025,=== EARNINGS PRESENTATION ===,2.45,,0.0,False,,section_attr_20260812_220351
BA_FQ1_2025,=== PRESS RELEASE ===,3.78,,0.0,False,,section_attr_20260812_220351
BA_FQ1_2025,=== EARNINGS CALL TRANSCRIPT ===,4.04,p2_goldman_sachs,1.01,False,,section_attr_20260812_220351
BA_FQ2_2025,=== EARNINGS PRESENTATION ===,1.66,,0.0,False,,section_attr_20260812_220351
BA_FQ2_2025,=== PRESS RELEASE ===,3.11,,0.0,False,,section_attr_20260812_220351
BA_FQ3_2025,=== EARNINGS PRESENTATION ===,1.59,,0.0,False,,section_attr_20260812_220351
BA_FQ3_2025,=== PRESS RELEASE ===,3.05,,0.0,False,,section_attr_20260812_220351
BA_FQ4_2025,=== EARNINGS DOCUMENT ===,2.56,p2_jpm,0.13,False,,section_attr_20260812_220351
BA_FQ4_2025,=== EARNINGS PRESENTATION ===,1.77,,0.0,False,,section_attr_20260812_220351
BA_FQ4_2025,=== PRESS RELEASE ===,3.21,,0.0,False,,section_attr_20260812_220351
BA_FQ4_2025,=== EARNINGS CALL TRANSCRIPT ===,4.59,p2_goldman_sachs,0.78,False,,section_attr_20260812_220351
DIS_FQ1_2025,=== EARNINGS CALL TRANSCRIPT ===,7.27,p2_goldman_sachs,1.29,False,,section_attr_20260812_220351
DIS_FQ1_2025,=== PRESS RELEASE ===,11.95,,0.0,False,,section_attr_20260812_220351
DIS_FQ3_2025,=== EARNINGS CALL TRANSCRIPT ===,14.26,p2_goldman_sachs,0.52,False,,section_attr_20260812_220351
DIS_FQ3_2025,=== PRESS RELEASE ===,19.08,,0.0,False,,section_attr_20260812_220351
DIS_FQ4_2025,=== EARNINGS CALL TRANSCRIPT ===,14.06,p2_bank_of_america,0.26,False,,section_attr_20260812_220351
DIS_FQ4_2025,=== PRESS RELEASE ===,26.91,,0.0,False,,section_attr_20260812_220351
JPM_FQ1_2025,=== EARNINGS CALL TRANSCRIPT ===,1.15,p2_bank_of_america,0.44,False,,section_attr_20260812_220351
JPM_FQ1_2026,=== PRESS RELEASE ===,9.78,,0.0,False,,section_attr_20260812_220351
JPM_FQ1_2026,=== EARNINGS CALL TRANSCRIPT ===,1.55,p2_bank_of_america,0.09,False,,section_attr_20260812_220351
JPM_FQ2_2025,=== EARNINGS CALL TRANSCRIPT ===,1.39,p2_bank_of_america,0.57,False,,section_attr_20260812_220351
JPM_FQ3_2025,=== EARNINGS CALL TRANSCRIPT ===,1.08,p2_bank_of_america,0.39,False,,section_attr_20260812_220351
JPM_FQ4_2025,=== EARNINGS CALL TRANSCRIPT ===,1.07,p2_apple,1.07,False,,section_attr_20260812_220351
NFLX_FQ1_2025,=== EARNINGS CALL TRANSCRIPT ===,6.17,p2_alphabet,0.29,False,,section_attr_20260812_220351
NFLX_FQ1_2025,=== EARNINGS DOCUMENT ===,4.55,p2_spotify,0.2,False,,section_attr_20260812_220351
NFLX_FQ1_2026,=== EARNINGS CALL TRANSCRIPT ===,3.0,p2_goldman_sachs,0.58,False,,section_attr_20260812_220351
NFLX_FQ1_2026,=== EARNINGS DOCUMENT ===,6.48,p2_alphabet,0.19,False,,section_attr_20260812_220351
NFLX_FQ2_2025,=== EARNINGS CALL TRANSCRIPT ===,5.05,p2_alphabet,0.28,False,,section_attr_20260812_220351
NFLX_FQ2_2025,=== EARNINGS DOCUMENT ===,7.56,p2_apple,0.18,False,,section_attr_20260812_220351
NFLX_FQ3_2025,=== EARNINGS DOCUMENT ===,11.9,p2_alphabet,0.63,False,,section_attr_20260812_220351
NFLX_FQ3_2025,=== EARNINGS CALL TRANSCRIPT ===,3.0,p2_spotify,0.39,False,,section_attr_20260812_220351
NFLX_FQ4_2024,=== EARNINGS DOCUMENT ===,19.91,p2_alphabet,1.53,False,,section_attr_20260812_220351
NFLX_FQ4_2024,=== EARNINGS CALL TRANSCRIPT ===,2.75,p2_bank_of_america,0.14,False,,section_attr_20260812_220351
NFLX_FQ4_2025,=== EARNINGS DOCUMENT ===,9.48,p2_spotify,0.45,False,,section_attr_20260812_220351
NFLX_FQ4_2025,=== EARNINGS DOCUMENT ===,9.8,p2_alphabet,0.82,False,,section_attr_20260812_220351
NFLX_FQ4_2025,=== EARNINGS CALL TRANSCRIPT ===,2.05,p2_amazon,0.13,False,,section_attr_20260812_220351
TGT_FQ1_2025,=== EARNINGS CALL TRANSCRIPT ===,8.54,p2_goldman_sachs,0.55,False,,section_attr_20260812_220351
TGT_FQ1_2025,=== PRESS RELEASE ===,11.05,,0.0,False,,section_attr_20260812_220351
TGT_FQ1_2026,=== EARNINGS CALL TRANSCRIPT ===,5.43,p2_goldman_sachs,0.51,False,,section_attr_20260812_220351
TGT_FQ1_2026,=== PRESS RELEASE ===,10.02,,0.0,False,,section_attr_20260812_220351
TGT_FQ2_2025,=== EARNINGS CALL TRANSCRIPT ===,6.85,p2_goldman_sachs,0.5,False,,section_attr_20260812_220351
TGT_FQ2_2025,=== PRESS RELEASE ===,11.57,,0.0,False,,section_attr_20260812_220351
TGT_FQ3_2025,=== EARNINGS CALL TRANSCRIPT ===,7.02,p2_goldman_sachs,0.5,False,,section_attr_20260812_220351
TGT_FQ3_2025,=== PRESS RELEASE ===,10.51,,0.0,False,,section_attr_20260812_220351
BCS_FQ1_2026,=== EARNINGS CALL TRANSCRIPT ===,2.53,p2_citigroup,0.21,False,,section_attr_20260812_220351
BCS_FQ1_2026,=== PRESS RELEASE ===,9.48,p2_spotify,0.26,False,,section_attr_20260812_220351
BCS_FQ2_2025,=== EARNINGS CALL TRANSCRIPT ===,2.12,p2_goldman_sachs,0.42,False,,section_attr_20260812_220351
BCS_FQ2_2025,=== PRESS RELEASE ===,10.76,p2_spotify,0.51,False,,section_attr_20260812_220351
BCS_FQ3_2025,=== EARNINGS CALL TRANSCRIPT ===,2.1,p2_goldman_sachs,0.2,False,,section_attr_20260812_220351
BCS_FQ3_2025,=== PRESS RELEASE ===,9.59,p2_spotify,0.85,False,,section_attr_20260812_220351
F_FQ1_2026,=== EARNINGS CALL TRANSCRIPT ===,7.9,p2_goldman_sachs,0.22,False,,section_attr_20260812_220351
F_FQ1_2026,=== PRESS RELEASE ===,23.09,p2_meta,0.16,False,,section_attr_20260812_220351
F_FQ2_2025,=== EARNINGS CALL TRANSCRIPT ===,7.7,p2_goldman_sachs,0.22,False,,section_attr_20260812_220351
F_FQ2_2025,=== PRESS RELEASE ===,23.34,p2_meta,0.14,False,,section_attr_20260812_220351
F_FQ4_2025,=== EARNINGS CALL TRANSCRIPT ===,7.62,p2_goldman_sachs,0.23,False,,section_attr_20260812_220351
F_FQ4_2025,=== PRESS RELEASE ===,21.76,p2_meta,0.15,False,,section_attr_20260812_220351
MSFT_FQ1_2025,=== EARNINGS DOCUMENT ===,3.9,p2_amd,0.33,False,,section_attr_20260812_220351
MSFT_FQ1_2025,=== EARNINGS CALL TRANSCRIPT ===,5.06,p2_nvidia,0.37,False,,section_attr_20260812_220351
MSFT_FQ1_2026,=== EARNINGS DOCUMENT ===,2.63,p2_goldman_sachs,0.23,False,,section_attr_20260812_220351
MSFT_FQ1_2026,=== EARNINGS CALL TRANSCRIPT ===,6.19,p2_nvidia,0.38,False,,section_attr_20260812_220351
MSFT_FQ2_2025,=== EARNINGS DOCUMENT ===,2.68,p2_nvidia,0.23,False,,section_attr_20260812_220351
MSFT_FQ2_2025,=== EARNINGS CALL TRANSCRIPT ===,4.39,p2_nvidia,0.4,False,,section_attr_20260812_220351
PFE_FQ1_2025,=== EARNINGS CALL TRANSCRIPT ===,5.23,p2_goldman_sachs,0.46,False,,section_attr_20260812_220351
PFE_FQ1_2025,=== PRESS RELEASE ===,8.95,,0.0,False,,section_attr_20260812_220351
PFE_FQ1_2026,=== EARNINGS CALL TRANSCRIPT ===,6.48,p2_goldman_sachs,0.71,False,,section_attr_20260812_220351
PFE_FQ1_2026,=== PRESS RELEASE ===,8.8,,0.0,False,,section_attr_20260812_220351
PFE_FQ2_2025,=== EARNINGS CALL TRANSCRIPT ===,6.0,p2_goldman_sachs,0.47,False,,section_attr_20260812_220351
PFE_FQ2_2025,=== PRESS RELEASE ===,8.02,,0.0,False,,section_attr_20260812_220351
PFE_FQ4_2025,=== EARNINGS CALL TRANSCRIPT ===,7.57,p2_goldman_sachs,0.48,False,,section_attr_20260812_220351
PFE_FQ4_2025,=== PRESS RELEASE ===,7.49,,0.0,False,,section_attr_20260812_220351
UAL_FQ1_2025,=== EARNINGS DOCUMENT ===,0.85,p2_booking_holdings,0.43,False,,section_attr_20260812_220351
UAL_FQ1_2025,=== EARNINGS DOCUMENT ===,3.64,p2_booking_holdings,0.14,False,,section_attr_20260812_220351
UAL_FQ1_2025,=== EARNINGS CALL TRANSCRIPT ===,7.27,p2_goldman_sachs,0.75,False,,section_attr_20260812_220351
UAL_FQ1_2025,=== EARNINGS DOCUMENT ===,6.45,p2_boeing,0.16,False,,section_attr_20260812_220351
UAL_FQ2_2025,=== EARNINGS DOCUMENT ===,4.01,p2_booking_holdings,0.39,False,,section_attr_20260812_220351
UAL_FQ2_2025,=== EARNINGS DOCUMENT ===,0.41,p2_booking_holdings,0.41,False,,section_attr_20260812_220351
UAL_FQ2_2025,=== EARNINGS CALL TRANSCRIPT ===,6.47,p2_goldman_sachs,0.7,False,,section_attr_20260812_220351
UAL_FQ2_2025,=== EARNINGS DOCUMENT ===,5.45,p2_boeing,0.14,False,,section_attr_20260812_220351
UAL_FQ3_2025,=== EARNINGS CALL TRANSCRIPT ===,6.21,p2_goldman_sachs,0.61,False,,section_attr_20260812_220351
UAL_FQ3_2025,=== EARNINGS DOCUMENT ===,4.2,p2_booking_holdings,0.25,False,,section_attr_20260812_220351
UAL_FQ3_2025,=== EARNINGS DOCUMENT ===,0.49,,0.0,False,,section_attr_20260812_220351
UAL_FQ4_2025,=== EARNINGS CALL TRANSCRIPT ===,3.87,p2_boeing,0.23,False,,section_attr_20260812_220351
UAL_FQ4_2025,=== EARNINGS DOCUMENT ===,8.34,p2_boeing,1.74,False,,section_attr_20260812_220351
PEP_FQ1_2023,=== PRESS RELEASE ===,11.4,p2_barclays,0.58,False,,section_attr_20260812_220351
PEP_FQ1_2023,=== EARNINGS CALL TRANSCRIPT ===,4.97,p2_alphabet,0.47,False,,section_attr_20260812_220351
PEP_FQ1_2024,=== PRESS RELEASE ===,11.82,p2_barclays,0.62,False,,section_attr_20260812_220351
PEP_FQ1_2025,=== PRESS RELEASE ===,6.67,p2_barclays,0.92,False,,section_attr_20260812_220351
PEP_FQ1_2025,=== EARNINGS CALL TRANSCRIPT ===,3.36,p2_alphabet,0.34,False,,section_attr_20260812_220351
PEP_FQ1_2026,=== PRESS RELEASE ===,10.29,p2_barclays,0.58,False,,section_attr_20260812_220351
PEP_FQ1_2026,=== EARNINGS CALL TRANSCRIPT ===,2.2,p2_chipotle,0.26,False,,section_attr_20260812_220351
PEP_FQ2_2023,=== PRESS RELEASE ===,10.71,p2_barclays,0.59,False,,section_attr_20260812_220351
PEP_FQ2_2023,=== EARNINGS CALL TRANSCRIPT ===,3.24,p2_alphabet,0.42,False,,section_attr_20260812_220351
PEP_FQ2_2024,=== PRESS RELEASE ===,11.19,p2_barclays,0.64,False,,section_attr_20260812_220351
PEP_FQ2_2024,=== EARNINGS CALL TRANSCRIPT ===,3.4,p2_alphabet,0.35,False,,section_attr_20260812_220351
PEP_FQ2_2025,=== PRESS RELEASE ===,7.89,p2_barclays,0.58,False,,section_attr_20260812_220351
PEP_FQ2_2025,=== EARNINGS CALL TRANSCRIPT ===,3.82,p2_goldman_sachs,0.45,False,,section_attr_20260812_220351
PEP_FQ2_2026,=== PRESS RELEASE ===,7.76,p2_barclays,0.54,False,,section_attr_20260812_220351
PEP_FQ2_2026,=== EARNINGS CALL TRANSCRIPT ===,1.94,p2_chipotle,0.23,False,,section_attr_20260812_220351
PEP_FQ3_2023,=== PRESS RELEASE ===,10.17,p2_barclays,0.57,False,,section_attr_20260812_220351
PEP_FQ3_2023,=== EARNINGS CALL TRANSCRIPT ===,4.0,p2_alphabet,0.48,False,,section_attr_20260812_220351
PEP_FQ3_2024,=== PRESS RELEASE ===,11.02,p2_barclays,0.63,False,,section_attr_20260812_220351
PEP_FQ3_2024,=== EARNINGS CALL TRANSCRIPT ===,3.63,p2_chipotle,0.27,False,,section_attr_20260812_220351
PEP_FQ3_2025,=== PRESS RELEASE ===,7.37,p2_barclays,0.55,False,,section_attr_20260812_220351
PEP_FQ3_2025,=== EARNINGS CALL TRANSCRIPT ===,4.02,p2_chipotle,0.21,False,,section_attr_20260812_220351
PEP_FQ4_2023,=== PRESS RELEASE ===,9.22,p2_barclays,0.46,False,,section_attr_20260812_220351
PEP_FQ4_2023,=== EARNINGS CALL TRANSCRIPT ===,3.28,p2_starbucks,0.49,False,,section_attr_20260812_220351
PEP_FQ4_2024,=== PRESS RELEASE ===,9.39,p2_barclays,0.52,False,,section_attr_20260812_220351
PEP_FQ4_2024,=== EARNINGS CALL TRANSCRIPT ===,2.83,p2_jpm,0.37,False,,section_attr_20260812_220351
PEP_FQ4_2025,=== PRESS RELEASE ===,6.58,p2_barclays,0.48,False,,section_attr_20260812_220351
PEP_FQ4_2025,=== EARNINGS CALL TRANSCRIPT ===,4.45,p2_alphabet,0.38,False,,section_attr_20260812_220351
FDX_FQ1_2026,=== PRESS RELEASE ===,14.82,,0.0,False,,section_attr_20260812_220351
FDX_FQ1_2026,=== EARNINGS CALL TRANSCRIPT ===,7.43,p2_goldman_sachs,0.43,False,,section_attr_20260812_220351
FDX_FQ2_2026,=== PRESS RELEASE ===,13.83,,0.0,False,,section_attr_20260812_220351
FDX_FQ2_2026,=== EARNINGS CALL TRANSCRIPT ===,6.59,p2_goldman_sachs,0.41,False,,section_attr_20260812_220351
FDX_FQ3_2026,=== PRESS RELEASE ===,15.45,,0.0,False,,section_attr_20260812_220351
FDX_FQ3_2026,=== EARNINGS CALL TRANSCRIPT ===,8.94,p2_goldman_sachs,0.43,False,,section_attr_20260812_220351
FDX_FQ4_2026,=== PRESS RELEASE ===,18.23,,0.0,False,,section_attr_20260812_220351
FDX_FQ4_2026,=== EARNINGS CALL TRANSCRIPT ===,6.52,p2_goldman_sachs,0.44,False,,section_attr_20260812_220351
LMT_FQ1_2025,=== PRESS RELEASE ===,8.58,p2_booking_holdings,2.26,False,,section_attr_20260812_220351
LMT_FQ1_2025,=== EARNINGS CALL TRANSCRIPT ===,5.66,p2_nvidia,0.37,False,,section_attr_20260812_220351
LMT_FQ2_2025,=== PRESS RELEASE ===,6.29,p2_booking_holdings,1.16,False,,section_attr_20260812_220351
LMT_FQ2_2025,=== EARNINGS CALL TRANSCRIPT ===,5.93,p2_alphabet,0.29,False,,section_attr_20260812_220351
LMT_FQ3_2025,=== PRESS RELEASE ===,7.16,p2_booking_holdings,1.39,False,,section_attr_20260812_220351
LMT_FQ3_2025,=== EARNINGS CALL TRANSCRIPT ===,6.4,p2_alphabet,0.28,False,,section_attr_20260812_220351
LMT_FQ4_2025,=== PRESS RELEASE ===,6.27,p2_booking_holdings,1.98,False,,section_attr_20260812_220351
LMT_FQ4_2025,=== EARNINGS CALL TRANSCRIPT ===,6.62,p2_booking_holdings,0.4,False,,section_attr_20260812_220351
NVO_FQ1_2025,=== PRESS RELEASE ===,14.73,p2_cvs_health,0.12,False,,section_attr_20260812_220351
NVO_FQ1_2025,=== EARNINGS CALL TRANSCRIPT ===,6.43,p2_cvs_health,0.98,False,,section_attr_20260812_220351
NVO_FQ2_2025,=== PRESS RELEASE ===,14.39,p2_cvs_health,0.1,False,,section_attr_20260812_220351
NVO_FQ2_2025,=== EARNINGS CALL TRANSCRIPT ===,6.77,p2_cvs_health,0.97,False,,section_attr_20260812_220351
NVO_FQ3_2025,=== PRESS RELEASE ===,15.83,p2_costco,0.05,False,,section_attr_20260812_220351
NVO_FQ3_2025,=== EARNINGS CALL TRANSCRIPT ===,5.04,p2_alphabet,0.25,False,,section_attr_20260812_220351
NVO_FQ4_2025,=== PRESS RELEASE ===,15.36,p2_eli_lilly,0.17,False,,section_attr_20260812_220351
NVO_FQ4_2025,=== EARNINGS CALL TRANSCRIPT ===,8.49,p2_amazon,0.34,False,,section_attr_20260812_220351
NVO_FQ4_2025,=== INVESTOR PRESENTATION ===,24.66,p2_cvs_health,0.15,False,,section_attr_20260812_220351
HLT_FQ1_2025,=== PRESS RELEASE ===,10.96,p2_booking_holdings,0.15,False,,section_attr_20260812_220351
HLT_FQ1_2025,=== EARNINGS CALL TRANSCRIPT ===,1.22,p2_goldman_sachs,0.56,False,,section_attr_20260812_220351
HLT_FQ1_2026,=== PRESS RELEASE ===,13.74,p2_booking_holdings,0.15,False,,section_attr_20260812_220351
HLT_FQ1_2026,=== EARNINGS CALL TRANSCRIPT ===,1.69,p2_booking_holdings,0.21,False,,section_attr_20260812_220351
HLT_FQ2_2025,=== PRESS RELEASE ===,11.12,p2_booking_holdings,0.13,False,,section_attr_20260812_220351
HLT_FQ2_2025,=== EARNINGS CALL TRANSCRIPT ===,2.25,p2_booking_holdings,0.39,False,,section_attr_20260812_220351
HLT_FQ3_2024,=== PRESS RELEASE ===,12.58,p2_booking_holdings,0.27,False,,section_attr_20260812_220351
HLT_FQ3_2024,=== EARNINGS CALL TRANSCRIPT ===,1.1,p2_booking_holdings,0.33,False,,section_attr_20260812_220351
HLT_FQ4_2025,=== PRESS RELEASE ===,14.26,p2_booking_holdings,0.14,False,,section_attr_20260812_220351
HLT_FQ4_2025,=== EARNINGS CALL TRANSCRIPT ===,2.49,p2_booking_holdings,0.38,False,,section_attr_20260812_220351
MC.PA_FQ2_2025,=== PRESS RELEASE ===,7.91,,0.0,False,,section_attr_20260812_220351
MC.PA_FQ4_2025,=== PRESS RELEASE ===,8.19,,0.0,False,,section_attr_20260812_220351
MC.PA_FQ4_2025,=== RESULTS PRESENTATION ===,5.28,,0.0,False,,section_attr_20260812_220351
MAR_FQ1_2026,=== PRESS RELEASE ===,14.21,p2_meta,0.12,False,,section_attr_20260812_220351
MAR_FQ1_2026,=== EARNINGS CALL TRANSCRIPT ===,3.18,p2_booking_holdings,1.53,False,,section_attr_20260812_220351
MAR_FQ2_2025,=== PRESS RELEASE ===,16.14,p2_meta,0.12,False,,section_attr_20260812_220351
MAR_FQ2_2025,=== EARNINGS CALL TRANSCRIPT ===,4.87,p2_booking_holdings,0.46,False,,section_attr_20260812_220351
MAR_FQ3_2025,=== PRESS RELEASE ===,15.41,p2_meta,0.12,False,,section_attr_20260812_220351
MAR_FQ3_2025,=== EARNINGS CALL TRANSCRIPT ===,5.24,p2_alphabet,0.26,False,,section_attr_20260812_220351
MAR_FQ4_2025,=== PRESS RELEASE ===,13.89,p2_meta,0.1,False,,section_attr_20260812_220351
MAR_FQ4_2025,=== EARNINGS CALL TRANSCRIPT ===,3.29,p2_booking_holdings,1.0,False,,section_attr_20260812_220351
ALV.DE_FQ1_2025,=== PRESS RELEASE ===,13.13,p2_amazon,0.3,False,,section_attr_20260812_220351
ALV.DE_FQ1_2025,=== EARNINGS PRESENTATION ===,4.28,p2_apple,0.21,False,,section_attr_20260812_220351
ALV.DE_FQ1_2025,=== PRESS RELEASE (PDF DUPLICATE) ===,12.37,,0.0,False,,section_attr_20260812_220351
GOOGL_FQ1_2026,=== PRESS RELEASE ===,14.82,,0.0,False,,section_attr_20260812_220351
GOOGL_FQ1_2026,=== EARNINGS PRESENTATION ===,3.78,,0.0,False,,section_attr_20260812_220351
GOOGL_FQ1_2026,=== EARNINGS CALL TRANSCRIPT ===,7.54,p2_amazon,0.29,False,,section_attr_20260812_220351
GOOGL_FQ3_2025,=== PRESS RELEASE ===,14.58,,0.0,False,,section_attr_20260812_220351
GOOGL_FQ3_2025,=== EARNINGS PRESENTATION ===,8.95,,0.0,False,,section_attr_20260812_220351
GOOGL_FQ3_2025,=== EARNINGS CALL TRANSCRIPT ===,5.27,p2_nvidia,0.62,False,,section_attr_20260812_220351
GOOGL_FQ4_2025,=== PRESS RELEASE ===,14.55,,0.0,False,,section_attr_20260812_220351
GOOGL_FQ4_2025,=== EARNINGS PRESENTATION ===,3.56,,0.0,False,,section_attr_20260812_220351
GOOGL_FQ4_2025,=== EARNINGS CALL TRANSCRIPT ===,5.27,p2_apple,0.66,False,,section_attr_20260812_220351
BKNG_FQ2_2025,=== PRESS RELEASE ===,5.34,,0.0,False,,section_attr_20260812_220351
BKNG_FQ2_2025,=== EARNINGS PRESENTATION ===,7.75,,0.0,False,,section_attr_20260812_220351
BKNG_FQ3_2025,=== PRESS RELEASE ===,4.22,,0.0,False,,section_attr_20260812_220351
BKNG_FQ3_2025,=== EARNINGS CALL TRANSCRIPT ===,8.04,p2_alphabet,0.58,False,,section_attr_20260812_220351
BKNG_FQ4_2025,=== PRESS RELEASE ===,4.16,,0.0,False,,section_attr_20260812_220351
BKNG_FQ4_2025,=== EARNINGS CALL TRANSCRIPT ===,8.0,p2_goldman_sachs,0.81,False,,section_attr_20260812_220351
AVGO_FQ1_2026,=== PRESS RELEASE ===,10.49,,0.0,False,,section_attr_20260812_220351
AVGO_FQ1_2026,=== EARNINGS PRESENTATION ===,10.4,,0.0,False,,section_attr_20260812_220351
AVGO_FQ1_2026,=== EARNINGS CALL TRANSCRIPT ===,2.26,p2_nvidia,0.56,False,,section_attr_20260812_220351
AVGO_FQ3_2025,=== PRESS RELEASE ===,8.65,,0.0,False,,section_attr_20260812_220351
AVGO_FQ3_2025,=== EARNINGS PRESENTATION ===,8.46,,0.0,False,,section_attr_20260812_220351
AVGO_FQ3_2025,=== EARNINGS CALL TRANSCRIPT ===,3.07,p2_goldman_sachs,0.42,False,,section_attr_20260812_220351
AVGO_FQ4_2025,=== PRESS RELEASE ===,8.13,,0.0,False,,section_attr_20260812_220351
AVGO_FQ4_2025,=== EARNINGS PRESENTATION ===,7.97,,0.0,False,,section_attr_20260812_220351
AVGO_FQ4_2025,=== EARNINGS CALL TRANSCRIPT ===,2.48,p2_alphabet,0.47,False,,section_attr_20260812_220351
CAT_FQ2_2025,=== PRESS RELEASE ===,6.51,,0.0,False,,section_attr_20260812_220351
CAT_FQ2_2025,=== EARNINGS PRESENTATION ===,3.47,,0.0,False,,section_attr_20260812_220351
CAT_FQ2_2025,=== EARNINGS CALL TRANSCRIPT ===,1.94,p2_bank_of_america,0.22,False,,section_attr_20260812_220351
CAT_FQ3_2025,=== PRESS RELEASE ===,6.37,,0.0,False,,section_attr_20260812_220351
CAT_FQ3_2025,=== EARNINGS PRESENTATION ===,3.48,,0.0,False,,section_attr_20260812_220351
CAT_FQ3_2025,=== EARNINGS CALL TRANSCRIPT ===,2.05,p2_bank_of_america,0.22,False,,section_attr_20260812_220351
CAT_FQ4_2025,=== PRESS RELEASE ===,11.05,,0.0,False,,section_attr_20260812_220351
CAT_FQ4_2025,=== EARNINGS PRESENTATION ===,3.3,,0.0,False,,section_attr_20260812_220351
CAT_FQ4_2025,=== EARNINGS CALL TRANSCRIPT ===,2.17,p2_bank_of_america,0.22,False,,section_attr_20260812_220351
CMG_FQ1_2025,=== PRESS RELEASE ===,9.31,,0.0,False,,section_attr_20260812_220351
CMG_FQ1_2025,=== EARNINGS CALL TRANSCRIPT ===,3.65,p2_amazon,0.3,False,,section_attr_20260812_220351
CMG_FQ2_2025,=== PRESS RELEASE ===,8.5,,0.0,False,,section_attr_20260812_220351
CMG_FQ2_2025,=== EARNINGS CALL TRANSCRIPT ===,3.1,p2_amazon,0.28,False,,section_attr_20260812_220351
CMG_FQ3_2025,=== PRESS RELEASE ===,9.44,,0.0,False,,section_attr_20260812_220351
CMG_FQ3_2025,=== EARNINGS CALL TRANSCRIPT ===,3.15,p2_spotify,0.52,False,,section_attr_20260812_220351
CMG_FQ4_2025,=== PRESS RELEASE ===,7.92,,0.0,False,,section_attr_20260812_220351
CMG_FQ4_2025,=== EARNINGS CALL TRANSCRIPT ===,3.6,p2_goldman_sachs,0.24,False,,section_attr_20260812_220351
CMCSA_FQ1_2025,=== PRESS RELEASE ===,9.51,,0.0,False,,section_attr_20260812_220351
CMCSA_FQ1_2025,=== EARNINGS PRESENTATION ===,7.49,,0.0,False,,section_attr_20260812_220351
CMCSA_FQ1_2025,=== EARNINGS CALL TRANSCRIPT ===,5.56,p2_goldman_sachs,0.65,False,,section_attr_20260812_220351
CMCSA_FQ1_2026,=== PRESS RELEASE ===,10.79,,0.0,False,,section_attr_20260812_220351
CMCSA_FQ1_2026,=== EARNINGS PRESENTATION ===,2.28,,0.0,False,,section_attr_20260812_220351
CMCSA_FQ1_2026,=== EARNINGS CALL TRANSCRIPT ===,4.56,p2_goldman_sachs,0.68,False,,section_attr_20260812_220351
CMCSA_FQ2_2025,=== PRESS RELEASE ===,9.93,,0.0,False,,section_attr_20260812_220351
CMCSA_FQ2_2025,=== EARNINGS PRESENTATION ===,4.99,,0.0,False,,section_attr_20260812_220351
CMCSA_FQ2_2025,=== EARNINGS CALL TRANSCRIPT ===,3.79,p2_goldman_sachs,0.6,False,,section_attr_20260812_220351
CMCSA_FQ4_2025,=== PRESS RELEASE ===,11.24,,0.0,False,,section_attr_20260812_220351
CMCSA_FQ4_2025,=== EARNINGS PRESENTATION ===,2.55,,0.0,False,,section_attr_20260812_220351
CMCSA_FQ4_2025,=== EARNINGS CALL TRANSCRIPT ===,4.3,p2_goldman_sachs,0.63,False,,section_attr_20260812_220351
DELL_FQ1_2025,=== PRESS RELEASE ===,34.37,,0.0,False,,section_attr_20260812_220351
DELL_FQ1_2025,=== EARNINGS CALL TRANSCRIPT ===,10.69,p2_goldman_sachs,0.93,False,,section_attr_20260812_220351
DELL_FQ3_2025,=== PRESS RELEASE ===,29.64,,0.0,False,,section_attr_20260812_220351
DELL_FQ3_2025,=== EARNINGS CALL TRANSCRIPT ===,10.34,p2_goldman_sachs,0.72,False,,section_attr_20260812_220351
DELL_FQ4_2025,=== PRESS RELEASE ===,28.1,,0.0,False,,section_attr_20260812_220351
DELL_FQ4_2025,=== EARNINGS CALL TRANSCRIPT ===,9.04,p2_bank_of_america,0.32,False,,section_attr_20260812_220351
DAL_FQ1_2025,=== PRESS RELEASE ===,3.73,p2_boeing,0.16,False,,section_attr_20260812_220351
DAL_FQ1_2025,=== EARNINGS PRESENTATION ===,2.16,p2_boeing,0.15,False,,section_attr_20260812_220351
DAL_FQ1_2025,=== EARNINGS CALL TRANSCRIPT ===,11.79,p2_booking_holdings,0.71,False,,section_attr_20260812_220351
DAL_FQ2_2025,=== PRESS RELEASE ===,3.49,,0.0,False,,section_attr_20260812_220351
DAL_FQ2_2025,=== EARNINGS PRESENTATION ===,2.02,,0.0,False,,section_attr_20260812_220351
DAL_FQ2_2025,=== EARNINGS CALL TRANSCRIPT ===,9.86,p2_goldman_sachs,0.86,False,,section_attr_20260812_220351
DAL_FQ3_2025,=== PRESS RELEASE ===,3.66,,0.0,False,,section_attr_20260812_220351
DAL_FQ3_2025,=== EARNINGS PRESENTATION ===,2.05,,0.0,False,,section_attr_20260812_220351
DAL_FQ3_2025,=== EARNINGS CALL TRANSCRIPT ===,12.15,p2_jpm,0.96,False,,section_attr_20260812_220351
DAL_FQ4_2025,=== PRESS RELEASE ===,3.0,p2_boeing,0.12,False,,section_attr_20260812_220351
DAL_FQ4_2025,=== EARNINGS PRESENTATION ===,1.7,p2_boeing,0.12,False,,section_attr_20260812_220351
DAL_FQ4_2025,=== EARNINGS CALL TRANSCRIPT ===,9.02,p2_goldman_sachs,1.12,False,,section_attr_20260812_220351
EXPE_FQ1_2025,=== PRESS RELEASE ===,7.23,p2_booking_holdings,0.16,False,,section_attr_20260812_220351
EXPE_FQ1_2025,=== EARNINGS PRESENTATION ===,5.64,p2_booking_holdings,0.22,False,,section_attr_20260812_220351
EXPE_FQ1_2025,=== EARNINGS CALL TRANSCRIPT ===,5.86,p2_booking_holdings,1.55,False,,section_attr_20260812_220351
EXPE_FQ1_2026,=== PRESS RELEASE ===,7.84,p2_booking_holdings,0.17,False,,section_attr_20260812_220351
EXPE_FQ1_2026,=== EARNINGS PRESENTATION ===,4.65,p2_booking_holdings,0.27,False,,section_attr_20260812_220351
EXPE_FQ1_2026,=== EARNINGS CALL TRANSCRIPT ===,4.56,p2_booking_holdings,0.78,False,,section_attr_20260812_220351
EXPE_FQ2_2025,=== PRESS RELEASE ===,7.45,p2_booking_holdings,0.15,False,,section_attr_20260812_220351
EXPE_FQ2_2025,=== EARNINGS PRESENTATION ===,4.79,p2_booking_holdings,0.22,False,,section_attr_20260812_220351
EXPE_FQ2_2025,=== EARNINGS CALL TRANSCRIPT ===,4.77,p2_booking_holdings,0.7,False,,section_attr_20260812_220351
EXPE_FQ4_2025,=== PRESS RELEASE ===,6.78,p2_booking_holdings,0.15,False,,section_attr_20260812_220351
EXPE_FQ4_2025,=== EARNINGS PRESENTATION ===,4.45,p2_booking_holdings,0.26,False,,section_attr_20260812_220351
EXPE_FQ4_2025,=== EARNINGS CALL TRANSCRIPT ===,5.15,p2_booking_holdings,0.8,False,,section_attr_20260812_220351
GIS_FQ2_2026,=== PRESS RELEASE ===,2.96,,0.0,False,,section_attr_20260812_220351
GIS_FQ2_2026,=== EARNINGS PRESENTATION ===,18.42,,0.0,False,,section_attr_20260812_220351
GIS_FQ2_2026,=== EARNINGS CALL TRANSCRIPT ===,3.38,p2_bank_of_america,0.17,False,,section_attr_20260812_220351
GIS_FQ3_2026,=== PRESS RELEASE ===,2.84,,0.0,False,,section_attr_20260812_220351
GIS_FQ3_2026,=== EARNINGS PRESENTATION ===,17.39,,0.0,False,,section_attr_20260812_220351
GIS_FQ3_2026,=== EARNINGS CALL TRANSCRIPT ===,2.61,p2_goldman_sachs,0.31,False,,section_attr_20260812_220351
GIS_FQ4_2026,=== PRESS RELEASE ===,3.82,,0.0,False,,section_attr_20260812_220351
GIS_FQ4_2026,=== EARNINGS PRESENTATION ===,18.89,,0.0,False,,section_attr_20260812_220351
JNJ_FQ1_2025,=== PRESS RELEASE ===,14.01,,0.0,False,,section_attr_20260812_220351
JNJ_FQ1_2025,=== EARNINGS PRESENTATION ===,2.56,p2_spotify,0.18,False,,section_attr_20260812_220351
JNJ_FQ1_2025,=== EARNINGS CALL TRANSCRIPT ===,4.82,p2_goldman_sachs,0.54,False,,section_attr_20260812_220351
JNJ_FQ2_2025,=== PRESS RELEASE ===,16.38,,0.0,False,,section_attr_20260812_220351
JNJ_FQ2_2025,=== EARNINGS PRESENTATION ===,3.42,p2_spotify,0.28,False,,section_attr_20260812_220351
JNJ_FQ2_2025,=== EARNINGS CALL TRANSCRIPT ===,4.19,p2_goldman_sachs,0.57,False,,section_attr_20260812_220351
JNJ_FQ3_2025,=== PRESS RELEASE ===,15.47,,0.0,False,,section_attr_20260812_220351
JNJ_FQ3_2025,=== EARNINGS PRESENTATION ===,5.31,p2_spotify,0.28,False,,section_attr_20260812_220351
JNJ_FQ3_2025,=== EARNINGS CALL TRANSCRIPT ===,5.88,p2_goldman_sachs,0.48,False,,section_attr_20260812_220351
KHC_FQ1_2025,=== PRESS RELEASE ===,14.19,,0.0,False,,section_attr_20260812_220351
KHC_FQ1_2025,=== EARNINGS CALL TRANSCRIPT ===,10.26,p2_barclays,0.93,False,,section_attr_20260812_220351
KHC_FQ1_2026,=== PRESS RELEASE ===,12.13,,0.0,False,,section_attr_20260812_220351
KHC_FQ1_2026,=== EARNINGS CALL TRANSCRIPT ===,5.87,p2_bank_of_america,1.17,False,,section_attr_20260812_220351
KHC_FQ4_2024,=== PRESS RELEASE ===,12.63,,0.0,False,,section_attr_20260812_220351
KHC_FQ4_2024,=== EARNINGS CALL TRANSCRIPT ===,8.37,p2_barclays,1.67,False,,section_attr_20260812_220351
LNVGY_FQ1_2026,=== PRESS RELEASE ===,15.82,,0.0,False,,section_attr_20260812_220351
LNVGY_FQ1_2026,=== EARNINGS PRESENTATION ===,7.08,,0.0,False,,section_attr_20260812_220351
LNVGY_FQ2_2026,=== PRESS RELEASE ===,20.72,,0.0,False,,section_attr_20260812_220351
LNVGY_FQ2_2026,=== EARNINGS PRESENTATION ===,5.79,p2_ibm,0.36,False,,section_attr_20260812_220351
LNVGY_FQ3_2026,=== PRESS RELEASE ===,21.61,p2_nvidia,0.65,False,,section_attr_20260812_220351
LNVGY_FQ3_2026,=== EARNINGS PRESENTATION ===,8.02,p2_nvidia,2.44,False,,section_attr_20260812_220351
LNVGY_FQ4_2026,=== PRESS RELEASE ===,13.27,,0.0,False,,section_attr_20260812_220351
LNVGY_FQ4_2026,=== EARNINGS PRESENTATION ===,10.09,p2_nvidia,0.5,False,,section_attr_20260812_220351
LIN_FQ1_2026,=== PRESS RELEASE ===,13.39,,0.0,False,,section_attr_20260812_220351
LIN_FQ1_2026,=== EARNINGS PRESENTATION ===,4.12,p2_workday,0.46,False,,section_attr_20260812_220351
LIN_FQ1_2026,=== EARNINGS CALL TRANSCRIPT ===,0.92,p2_goldman_sachs,0.2,False,,section_attr_20260812_220351
LIN_FQ2_2025,=== PRESS RELEASE ===,12.42,,0.0,False,,section_attr_20260812_220351
LIN_FQ2_2025,=== EARNINGS PRESENTATION ===,4.83,p2_workday,0.54,False,,section_attr_20260812_220351
LIN_FQ2_2025,=== EARNINGS CALL TRANSCRIPT ===,2.71,p2_goldman_sachs,0.23,False,,section_attr_20260812_220351
LIN_FQ3_2025,=== PRESS RELEASE ===,12.93,,0.0,False,,section_attr_20260812_220351
LIN_FQ3_2025,=== EARNINGS PRESENTATION ===,3.27,p2_workday,0.47,False,,section_attr_20260812_220351
LIN_FQ3_2025,=== EARNINGS CALL TRANSCRIPT ===,1.26,p2_goldman_sachs,0.21,False,,section_attr_20260812_220351
MET_FQ1_2026,=== PRESS RELEASE ===,12.64,,0.0,False,,section_attr_20260812_220351
MET_FQ1_2026,=== EARNINGS CALL TRANSCRIPT ===,1.72,p2_jpm,0.22,False,,section_attr_20260812_220351
MET_FQ1_2026,=== EARNINGS PRESENTATION ===,11.99,p2_allianz,0.21,False,,section_attr_20260812_220351
MET_FQ2_2024,=== PRESS RELEASE ===,14.37,,0.0,False,,section_attr_20260812_220351
MET_FQ2_2024,=== EARNINGS PRESENTATION ===,14.87,,0.0,False,,section_attr_20260812_220351
MET_FQ2_2025,=== PRESS RELEASE ===,13.03,,0.0,False,,section_attr_20260812_220351
MET_FQ2_2025,=== EARNINGS CALL TRANSCRIPT ===,2.57,p2_alphabet,0.29,False,,section_attr_20260812_220351
MET_FQ2_2025,=== EARNINGS PRESENTATION ===,12.41,,0.0,False,,section_attr_20260812_220351
MET_FQ3_2024,=== PRESS RELEASE ===,13.79,,0.0,False,,section_attr_20260812_220351
MET_FQ3_2024,=== EARNINGS PRESENTATION ===,14.88,,0.0,False,,section_attr_20260812_220351
MET_FQ3_2025,=== PRESS RELEASE ===,12.76,,0.0,False,,section_attr_20260812_220351
MET_FQ3_2025,=== EARNINGS PRESENTATION ===,14.42,,0.0,False,,section_attr_20260812_220351
MET_FQ4_2025,=== PRESS RELEASE ===,12.06,,0.0,False,,section_attr_20260812_220351
MET_FQ4_2025,=== EARNINGS CALL TRANSCRIPT ===,0.48,p2_barclays,0.24,False,,section_attr_20260812_220351
MET_FQ4_2025,=== EARNINGS PRESENTATION ===,12.71,p2_allianz,0.18,False,,section_attr_20260812_220351
MU_FQ1_2026,=== PRESS RELEASE ===,14.89,,0.0,False,,section_attr_20260812_220351
MU_FQ1_2026,=== EARNINGS PRESENTATION ===,11.6,,0.0,False,,section_attr_20260812_220351
MU_FQ1_2026,=== EARNINGS CALL TRANSCRIPT ===,5.3,p2_alphabet,0.24,False,,section_attr_20260812_220351
MU_FQ2_2026,=== PRESS RELEASE ===,13.66,,0.0,False,,section_attr_20260812_220351
MU_FQ2_2026,=== EARNINGS PRESENTATION ===,6.24,p2_nvidia,0.86,False,,section_attr_20260812_220351
MU_FQ2_2026,=== EARNINGS CALL TRANSCRIPT ===,5.81,p2_nvidia,0.66,False,,section_attr_20260812_220351
MU_FQ4_2025,=== PRESS RELEASE ===,12.54,,0.0,False,,section_attr_20260812_220351
MU_FQ4_2025,=== EARNINGS PRESENTATION ===,5.68,p2_nvidia,0.39,False,,section_attr_20260812_220351
MU_FQ4_2025,=== EARNINGS CALL TRANSCRIPT ===,6.17,p2_nvidia,0.4,False,,section_attr_20260812_220351
ORCL_FQ1_2026,=== PRESS RELEASE ===,11.18,p2_alphabet,0.48,False,,section_attr_20260812_220351
ORCL_FQ1_2026,=== EARNINGS CALL TRANSCRIPT ===,8.04,p2_amazon,0.32,False,,section_attr_20260812_220351
ORCL_FQ2_2026,=== PRESS RELEASE ===,9.47,p2_nvidia,0.36,False,,section_attr_20260812_220351
ORCL_FQ2_2026,=== EARNINGS CALL TRANSCRIPT ===,8.46,p2_alphabet,0.42,False,,section_attr_20260812_220351
ORCL_FQ3_2026,=== PRESS RELEASE ===,7.69,,0.0,False,,section_attr_20260812_220351
ORCL_FQ3_2026,=== EARNINGS CALL TRANSCRIPT ===,6.23,p2_amazon,0.65,False,,section_attr_20260812_220351
PLTR_FQ1_2025,=== PRESS RELEASE ===,8.3,,0.0,False,,section_attr_20260812_220351
PLTR_FQ1_2025,=== EARNINGS PRESENTATION ===,1.09,p2_citigroup,0.27,False,,section_attr_20260812_220351
PLTR_FQ2_2025,=== PRESS RELEASE ===,8.14,,0.0,False,,section_attr_20260812_220351
PLTR_FQ2_2025,=== EARNINGS PRESENTATION ===,0.48,p2_alphabet,0.24,False,,section_attr_20260812_220351
PLTR_FQ3_2025,=== PRESS RELEASE ===,8.14,,0.0,False,,section_attr_20260812_220351
PLTR_FQ3_2025,=== EARNINGS PRESENTATION ===,0.48,p2_nvidia,1.2,True,other_exceeds_own; 'p2_nvidia' 1.2/1k > own 0.48/1k,section_attr_20260812_220351
PLTR_FQ4_2025,=== PRESS RELEASE ===,8.35,,0.0,False,,section_attr_20260812_220351
PLTR_FQ4_2025,=== EARNINGS PRESENTATION ===,0.51,p2_workday,0.25,False,,section_attr_20260812_220351
PYPL_FQ1_2025,=== PRESS RELEASE ===,9.7,p2_meta,0.37,False,,section_attr_20260812_220351
PYPL_FQ1_2025,=== EARNINGS PRESENTATION ===,10.09,,0.0,False,,section_attr_20260812_220351
PYPL_FQ1_2025,=== EARNINGS CALL TRANSCRIPT ===,8.23,p2_goldman_sachs,0.59,False,,section_attr_20260812_220351
PYPL_FQ1_2026,=== PRESS RELEASE ===,9.03,,0.0,False,,section_attr_20260812_220351
PYPL_FQ1_2026,=== EARNINGS PRESENTATION ===,9.92,,0.0,False,,section_attr_20260812_220351
PYPL_FQ1_2026,=== EARNINGS CALL TRANSCRIPT ===,4.98,p2_spotify,0.42,False,,section_attr_20260812_220351
PYPL_FQ2_2025,=== PRESS RELEASE ===,9.75,p2_meta,0.35,False,,section_attr_20260812_220351
PYPL_FQ2_2025,=== EARNINGS PRESENTATION ===,12.07,p2_salesforce,0.13,False,,section_attr_20260812_220351
PYPL_FQ2_2025,=== EARNINGS CALL TRANSCRIPT ===,9.73,p2_barclays,0.28,False,,section_attr_20260812_220351
PYPL_FQ3_2025,=== PRESS RELEASE ===,9.17,p2_meta,0.35,False,,section_attr_20260812_220351
PYPL_FQ3_2025,=== EARNINGS PRESENTATION ===,10.93,p2_spotify,0.26,False,,section_attr_20260812_220351
PYPL_FQ3_2025,=== EARNINGS CALL TRANSCRIPT ===,6.42,p2_goldman_sachs,0.54,False,,section_attr_20260812_220351
PINS_FQ1_2026,=== PRESS RELEASE ===,3.6,p2_amazon,0.26,False,,section_attr_20260812_220351
PINS_FQ1_2026,=== EARNINGS PRESENTATION ===,5.34,p2_amazon,0.25,False,,section_attr_20260812_220351
PINS_FQ1_2026,=== EARNINGS CALL TRANSCRIPT ===,6.65,p2_goldman_sachs,0.39,False,,section_attr_20260812_220351
PINS_FQ4_2024,=== PRESS RELEASE ===,3.81,p2_amazon,0.22,False,,section_attr_20260812_220351
PINS_FQ4_2024,=== EARNINGS PRESENTATION ===,13.42,,0.0,False,,section_attr_20260812_220351
PINS_FQ4_2024,=== EARNINGS CALL TRANSCRIPT ===,5.83,p2_amazon,0.2,False,,section_attr_20260812_220351
PINS_FQ4_2025,=== PRESS RELEASE ===,3.7,p2_amazon,0.23,False,,section_attr_20260812_220351
PINS_FQ4_2025,=== EARNINGS PRESENTATION ===,12.48,,0.0,False,,section_attr_20260812_220351
PINS_FQ4_2025,=== EARNINGS CALL TRANSCRIPT ===,7.16,p2_salesforce,0.24,False,,section_attr_20260812_220351
PUM.DE_FQ1_2025,=== PRESS RELEASE ===,15.72,,0.0,False,,section_attr_20260812_220351
PUM.DE_FQ1_2025,=== EARNINGS PRESENTATION ===,7.56,,0.0,False,,section_attr_20260812_220351
PUM.DE_FQ1_2026,=== PRESS RELEASE ===,11.33,,0.0,False,,section_attr_20260812_220351
PUM.DE_FQ1_2026,=== EARNINGS PRESENTATION ===,12.11,,0.0,False,,section_attr_20260812_220351
PUM.DE_FQ1_2026,=== EARNINGS CALL TRANSCRIPT ===,3.82,p2_bank_of_america,0.11,False,,section_attr_20260812_220351
PUM.DE_FQ3_2025,=== PRESS RELEASE ===,15.56,,0.0,False,,section_attr_20260812_220351
PUM.DE_FQ3_2025,=== EARNINGS PRESENTATION ===,12.82,,0.0,False,,section_attr_20260812_220351
PUM.DE_FQ3_2025,=== EARNINGS CALL SUMMARY (AIDE MEMOIRE) ===,16.72,,0.0,False,,section_attr_20260812_220351
PUM.DE_FQ4_2025,=== PRESS RELEASE ===,11.77,,0.0,False,,section_attr_20260812_220351
PUM.DE_FQ4_2025,=== EARNINGS CALL TRANSCRIPT ===,2.95,p2_bank_of_america,0.2,False,,section_attr_20260812_220351
HOOD_FQ1_2025,=== PRESS RELEASE ===,13.86,,0.0,False,,section_attr_20260812_220351
HOOD_FQ1_2025,=== EARNINGS PRESENTATION ===,13.44,p2_charles_schwab,0.16,False,,section_attr_20260812_220351
HOOD_FQ1_2025,=== EARNINGS CALL TRANSCRIPT ===,5.19,p2_goldman_sachs,0.66,False,,section_attr_20260812_220351
HOOD_FQ1_2026,=== PRESS RELEASE ===,14.33,,0.0,False,,section_attr_20260812_220351
HOOD_FQ1_2026,=== EARNINGS PRESENTATION ===,12.15,,0.0,False,,section_attr_20260812_220351
HOOD_FQ1_2026,=== EARNINGS CALL TRANSCRIPT ===,4.29,p2_goldman_sachs,0.32,False,,section_attr_20260812_220351
HOOD_FQ2_2025,=== PRESS RELEASE ===,14.92,,0.0,False,,section_attr_20260812_220351
HOOD_FQ2_2025,=== EARNINGS PRESENTATION ===,14.04,,0.0,False,,section_attr_20260812_220351
HOOD_FQ2_2025,=== EARNINGS CALL TRANSCRIPT ===,4.77,p2_bank_of_america,0.19,False,,section_attr_20260812_220351
HOOD_FQ3_2025,=== PRESS RELEASE ===,15.23,,0.0,False,,section_attr_20260812_220351
HOOD_FQ3_2025,=== EARNINGS PRESENTATION ===,12.69,,0.0,False,,section_attr_20260812_220351
HOOD_FQ3_2025,=== EARNINGS CALL TRANSCRIPT ===,5.99,p2_goldman_sachs,0.58,False,,section_attr_20260812_220351
CRM_FQ2_2026,=== PRESS RELEASE ===,6.87,p2_marriott,0.17,False,,section_attr_20260812_220351
CRM_FQ2_2026,=== EARNINGS PRESENTATION ===,1.98,,0.0,False,,section_attr_20260812_220351
CRM_FQ2_2026,=== EARNINGS CALL TRANSCRIPT ===,2.7,p2_dell,0.24,False,,section_attr_20260812_220351
CRM_FQ3_2026,=== PRESS RELEASE ===,6.94,,0.0,False,,section_attr_20260812_220351
CRM_FQ3_2026,=== EARNINGS PRESENTATION ===,1.53,,0.0,False,,section_attr_20260812_220351
CRM_FQ3_2026,=== EARNINGS CALL TRANSCRIPT ===,3.57,p2_costco,0.52,False,,section_attr_20260812_220351
CRM_FQ4_2026,=== PRESS RELEASE ===,7.37,,0.0,False,,section_attr_20260812_220351
CRM_FQ4_2026,=== EARNINGS PRESENTATION ===,1.39,,0.0,False,,section_attr_20260812_220351
CRM_FQ4_2026,=== EARNINGS CALL TRANSCRIPT ===,4.77,p2_paypal,0.3,False,,section_attr_20260812_220351
SIE.DE_FQ1_2026,=== PRESS RELEASE ===,10.71,,0.0,False,,section_attr_20260812_220351
SIE.DE_FQ1_2026,=== EARNINGS PRESENTATION ===,15.08,p2_nvidia,0.64,False,,section_attr_20260812_220351
SIE.DE_FQ2_2026,=== PRESS RELEASE ===,11.11,,0.0,False,,section_attr_20260812_220351
SIE.DE_FQ2_2026,=== EARNINGS PRESENTATION ===,13.53,p2_jpm,0.28,False,,section_attr_20260812_220351
SIE.DE_FQ4_2025,=== PRESS RELEASE ===,11.01,,0.0,False,,section_attr_20260812_220351
SIE.DE_FQ4_2025,=== EARNINGS PRESENTATION ===,17.27,,0.0,False,,section_attr_20260812_220351
SPOT_FQ1_2026,=== PRESS RELEASE ===,25.5,,0.0,False,,section_attr_20260812_220351
SPOT_FQ1_2026,=== EARNINGS PRESENTATION ===,2.06,,0.0,False,,section_attr_20260812_220351
SPOT_FQ1_2026,=== EARNINGS CALL TRANSCRIPT ===,0.0,p2_amazon,1.28,True,own_absent; other 'p2_amazon' has 1.28/1k,section_attr_20260812_220351
SPOT_FQ2_2025,=== PRESS RELEASE ===,50.0,,0.0,False,,section_attr_20260812_220351
SPOT_FQ2_2025,=== EARNINGS PRESENTATION ===,1.46,,0.0,False,,section_attr_20260812_220351
SPOT_FQ2_2025,=== EARNINGS CALL TRANSCRIPT ===,6.07,p2_alphabet,0.36,False,,section_attr_20260812_220351
SPOT_FQ3_2025,=== PRESS RELEASE ===,42.78,,0.0,False,,section_attr_20260812_220351
SPOT_FQ3_2025,=== EARNINGS PRESENTATION ===,3.4,p2_amazon,0.38,False,,section_attr_20260812_220351
SPOT_FQ3_2025,=== EARNINGS CALL TRANSCRIPT ===,7.46,p2_netflix,0.64,False,,section_attr_20260812_220351
SPOT_FQ4_2025,=== PRESS RELEASE ===,21.0,,0.0,False,,section_attr_20260812_220351
SPOT_FQ4_2025,=== EARNINGS PRESENTATION ===,1.62,,0.0,False,,section_attr_20260812_220351
SPOT_FQ4_2025,=== EARNINGS CALL TRANSCRIPT ===,7.42,p2_alphabet,0.33,False,,section_attr_20260812_220351
STAN.L_FQ1_2025,=== PRESS RELEASE ===,0.62,,0.0,False,,section_attr_20260812_220351
STAN.L_FQ1_2025,=== EARNINGS PRESENTATION ===,0.7,,0.0,False,,section_attr_20260812_220351
STAN.L_FQ2_2025,=== PRESS RELEASE ===,1.07,p2_booking_holdings,0.07,False,,section_attr_20260812_220351
STAN.L_FQ2_2025,=== EARNINGS PRESENTATION ===,2.68,p2_spotify,0.33,False,,section_attr_20260812_220351
STAN.L_FQ3_2025,=== PRESS RELEASE ===,0.82,,0.0,False,,section_attr_20260812_220351
STAN.L_FQ3_2025,=== EARNINGS CALL TRANSCRIPT ===,0.76,p2_bank_of_america,0.22,False,,section_attr_20260812_220351
STAN.L_FQ4_2025,=== EARNINGS PRESENTATION ===,1.7,,0.0,False,,section_attr_20260812_220351
STAN.L_FQ4_2025,=== EARNINGS CALL TRANSCRIPT ===,0.66,p2_bank_of_america,0.33,False,,section_attr_20260812_220351
SBUX_FQ1_2026,=== PRESS RELEASE ===,9.36,,0.0,False,,section_attr_20260812_220351
SBUX_FQ3_2025,=== PRESS RELEASE ===,6.55,,0.0,False,,section_attr_20260812_220351
SBUX_FQ3_2025,=== EARNINGS PRESENTATION ===,5.48,,0.0,False,,section_attr_20260812_220351
SBUX_FQ4_2025,=== PRESS RELEASE ===,6.83,,0.0,False,,section_attr_20260812_220351
SBUX_FQ4_2025,=== EARNINGS CALL TRANSCRIPT ===,7.28,p2_goldman_sachs,0.59,False,,section_attr_20260812_220351
UNH_FQ2_2025,=== PRESS RELEASE ===,24.89,,0.0,False,,section_attr_20260812_220351
UNH_FQ2_2025,=== EARNINGS PRESENTATION ===,8.08,,0.0,False,,section_attr_20260812_220351
UNH_FQ2_2025,=== EARNINGS CALL TRANSCRIPT ===,4.95,p2_alphabet,0.2,False,,section_attr_20260812_220351
UNH_FQ3_2025,=== PRESS RELEASE ===,22.08,,0.0,False,,section_attr_20260812_220351
UNH_FQ3_2025,=== EARNINGS PRESENTATION ===,9.74,,0.0,False,,section_attr_20260812_220351
UNH_FQ3_2025,=== EARNINGS CALL TRANSCRIPT ===,6.76,p2_alphabet,0.26,False,,section_attr_20260812_220351
UNH_FQ4_2025,=== PRESS RELEASE ===,22.0,,0.0,False,,section_attr_20260812_220351
UNH_FQ4_2025,=== EARNINGS PRESENTATION ===,11.52,p2_united_airlines,0.26,False,,section_attr_20260812_220351
UNH_FQ4_2025,=== EARNINGS CALL TRANSCRIPT ===,5.28,p2_goldman_sachs,0.19,False,,section_attr_20260812_220351
V_FQ1_2025,=== PRESS RELEASE ===,6.36,,0.0,False,,section_attr_20260812_220351
V_FQ1_2025,=== EARNINGS PRESENTATION ===,8.24,,0.0,False,,section_attr_20260812_220351
V_FQ1_2025,=== EARNINGS CALL TRANSCRIPT ===,7.43,p2_goldman_sachs,0.58,False,,section_attr_20260812_220351
V_FQ1_2026,=== PRESS RELEASE ===,7.77,,0.0,False,,section_attr_20260812_220351
V_FQ1_2026,=== EARNINGS PRESENTATION ===,9.44,,0.0,False,,section_attr_20260812_220351
V_FQ1_2026,=== EARNINGS CALL TRANSCRIPT ===,10.95,p2_bank_of_america,0.27,False,,section_attr_20260812_220351
V_FQ2_2025,=== PRESS RELEASE ===,6.76,,0.0,False,,section_attr_20260812_220351
V_FQ2_2025,=== EARNINGS PRESENTATION ===,8.37,,0.0,False,,section_attr_20260812_220351
V_FQ2_2025,=== EARNINGS CALL TRANSCRIPT ===,9.4,p2_goldman_sachs,0.57,False,,section_attr_20260812_220351
V_FQ3_2025,=== PRESS RELEASE ===,7.87,,0.0,False,,section_attr_20260812_220351
V_FQ3_2025,=== EARNINGS PRESENTATION ===,9.96,,0.0,False,,section_attr_20260812_220351
V_FQ3_2025,=== EARNINGS CALL TRANSCRIPT ===,13.27,p2_citigroup,0.28,False,,section_attr_20260812_220351
WDAY_FQ1_2025,=== PRESS RELEASE ===,16.22,p2_cvs_health,0.51,False,,section_attr_20260812_220351
WDAY_FQ1_2025,=== EARNINGS PRESENTATION ===,6.8,p2_cvs_health,0.68,False,,section_attr_20260812_220351
WDAY_FQ2_2025,=== PRESS RELEASE ===,16.48,p2_alphabet,0.24,False,,section_attr_20260812_220351
WDAY_FQ2_2025,=== EARNINGS PRESENTATION ===,10.72,p2_alphabet,0.71,False,,section_attr_20260812_220351
WDAY_FQ2_2025,=== EARNINGS CALL TRANSCRIPT ===,8.01,p2_alphabet,0.5,False,,section_attr_20260812_220351
WDAY_FQ3_2025,=== PRESS RELEASE ===,16.21,p2_microsoft,0.23,False,,section_attr_20260812_220351
WDAY_FQ3_2025,=== EARNINGS PRESENTATION ===,8.11,p2_alphabet,0.34,False,,section_attr_20260812_220351
WDAY_FQ3_2025,=== EARNINGS CALL TRANSCRIPT ===,8.02,p2_microsoft,0.33,False,,section_attr_20260812_220351
WDAY_FQ4_2025,=== PRESS RELEASE ===,16.39,p2_alphabet,0.23,False,,section_attr_20260812_220351
WDAY_FQ4_2025,=== EARNINGS PRESENTATION ===,9.51,p2_alphabet,0.31,False,,section_attr_20260812_220351
WDAY_FQ4_2025,=== EARNINGS CALL TRANSCRIPT ===,6.94,p2_alphabet,0.5,False,,section_attr_20260812_220351
