document_id,ticker,issuer,report_date,press_release,prepared_remarks,guidance,qa,doc_types_present,notes
ABNB_FQ1_2026,ABNB,p2_airbnb,2026-05-07,available,available,partial,available,EARNINGS CALL TRANSCRIPT; PRESS RELEASE,FactSet
ABNB_FQ2_2025,ABNB,p2_airbnb,2025-08-06,available,available,partial,available,EARNINGS CALL TRANSCRIPT; PRESS RELEASE,FactSet
ABNB_FQ3_2025,ABNB,p2_airbnb,2025-11-06,available,available,partial,available,EARNINGS CALL TRANSCRIPT; PRESS RELEASE,FactSet
ABNB_FQ4_2025,ABNB,p2_airbnb,2026-02-12,available,available,partial,available,EARNINGS CALL TRANSCRIPT; PRESS RELEASE,FactSet
AMZN_FQ1_2026,AMZN,p2_amazon,2026-04-29,absent,available,partial,available,EARNINGS DOCUMENT; EARNINGS CALL TRANSCRIPT,Motley Fool/Insider Monkey; Human worksheet included
AMZN_FQ3_2025,AMZN,p2_amazon,2025-10-30,absent,available,partial,available,EARNINGS DOCUMENT; EARNINGS CALL TRANSCRIPT,Motley Fool/Insider Monkey; Human worksheet included
AMZN_FQ4_2025,AMZN,p2_amazon,2026-02-05,absent,available,partial,available,EARNINGS DOCUMENT; EARNINGS CALL TRANSCRIPT,Motley Fool/Insider Monkey; Human worksheet included
AMD_FQ1_2026,AMD,p2_amd,2026-05-05,absent,available,partial,available,EARNINGS DOCUMENT; EARNINGS CALL TRANSCRIPT,Motley Fool/Insider Monkey; Human worksheet included
AMD_FQ2_2025,AMD,p2_amd,2025-08-05,absent,available,partial,available,EARNINGS DOCUMENT; EARNINGS CALL TRANSCRIPT,Motley Fool/Insider Monkey; Human worksheet included
AMD_FQ4_2025,AMD,p2_amd,2026-02-03,absent,available,partial,available,EARNINGS DOCUMENT; EARNINGS CALL TRANSCRIPT,Motley Fool/Insider Monkey; Human worksheet included
AAPL_FQ1_2026,AAPL,p2_apple,2026-01-29,available,available,partial,available,EARNINGS CALL TRANSCRIPT; PRESS RELEASE,Motley Fool/Insider Monkey
AAPL_FQ3_2025,AAPL,p2_apple,2025-07-31,available,available,partial,available,EARNINGS CALL TRANSCRIPT; PRESS RELEASE,Motley Fool/Insider Monkey
AAPL_FQ4_2025,AAPL,p2_apple,2025-10-30,available,available,partial,available,EARNINGS CALL TRANSCRIPT; PRESS RELEASE,Motley Fool/Insider Monkey
CVS_FQ1_2026,CVS,p2_cvs_health,2026-05-06,available,available,partial,available,EARNINGS CALL TRANSCRIPT; PRESS RELEASE,FactSet
CVS_FQ2_2025,CVS,p2_cvs_health,2025-07-31,available,available,partial,available,EARNINGS CALL TRANSCRIPT; PRESS RELEASE,FactSet
CVS_FQ3_2025,CVS,p2_cvs_health,2025-10-29,available,available,partial,available,EARNINGS CALL TRANSCRIPT; PRESS RELEASE,Other transcript
CVS_FQ4_2025,CVS,p2_cvs_health,2026-02-10,available,available,partial,available,EARNINGS CALL TRANSCRIPT; PRESS RELEASE,FactSet
SCHW_FQ1_2025,SCHW,p2_charles_schwab,2025-04-16,available,available,partial,available,EARNINGS CALL TRANSCRIPT; PRESS RELEASE,Motley Fool/Insider Monkey
SCHW_FQ1_2026,SCHW,p2_charles_schwab,2026-04-15,available,available,partial,available,EARNINGS CALL TRANSCRIPT; PRESS RELEASE,Motley Fool/Insider Monkey
SCHW_FQ2_2025,SCHW,p2_charles_schwab,2025-07-17,available,available,partial,available,EARNINGS CALL TRANSCRIPT; PRESS RELEASE,Motley Fool/Insider Monkey
SCHW_FQ3_2025,SCHW,p2_charles_schwab,2025-10-15,available,available,partial,available,EARNINGS CALL TRANSCRIPT; PRESS RELEASE,Motley Fool/Insider Monkey
SCHW_FQ4_2025,SCHW,p2_charles_schwab,2026-01-20,available,available,partial,available,EARNINGS CALL TRANSCRIPT; PRESS RELEASE,Motley Fool/Insider Monkey
C_FQ1_2025,C,p2_citigroup,2025-04-15,available,absent,partial,absent,SUPPLEMENTAL INFORMATION; PRESS RELEASE; EARNINGS PRESENTATION,No transcript
C_FQ2_2025,C,p2_citigroup,2025-07-15,available,absent,partial,absent,SUPPLEMENTAL INFORMATION; PRESS RELEASE; EARNINGS PRESENTATION,No transcript
C_FQ3_2025,C,p2_citigroup,2025-10-14,available,absent,partial,absent,SUPPLEMENTAL INFORMATION; PRESS RELEASE; EARNINGS PRESENTATION; EARNINGS PRESENTATION,No transcript
C_FQ4_2025,C,p2_citigroup,2026-01-14,available,absent,partial,absent,SUPPLEMENTAL INFORMATION; PRESS RELEASE; EARNINGS PRESENTATION; EARNINGS PRESENTATION; SUPPLEMENTAL INFORMATION,No transcript
KO_FQ1_2026,KO,p2_coca_cola,2026-04-28,available,available,partial,available,EARNINGS CALL TRANSCRIPT; PRESS RELEASE,Motley Fool/Insider Monkey
KO_FQ2_2025,KO,p2_coca_cola,2025-07-22,available,available,partial,available,EARNINGS CALL TRANSCRIPT; PRESS RELEASE,Motley Fool/Insider Monkey
KO_FQ4_2025,KO,p2_coca_cola,2026-02-10,available,available,partial,available,EARNINGS CALL TRANSCRIPT; PRESS RELEASE,Motley Fool/Insider Monkey
COIN_FQ1_2026,COIN,p2_coinbase,2026-05-07,absent,available,partial,available,EARNINGS DOCUMENT; EARNINGS CALL TRANSCRIPT,Motley Fool/Insider Monkey; Human worksheet included
COIN_FQ3_2025,COIN,p2_coinbase,2025-10-30,absent,available,partial,available,EARNINGS DOCUMENT; EARNINGS CALL TRANSCRIPT,Motley Fool/Insider Monkey; Human worksheet included
COIN_FQ4_2025,COIN,p2_coinbase,2026-02-12,absent,available,partial,available,EARNINGS DOCUMENT; EARNINGS CALL TRANSCRIPT,Motley Fool/Insider Monkey; Human worksheet included
LLY_FQ1_2026,LLY,p2_eli_lilly,2026-04-29,absent,partial,partial,absent,EARNINGS DOCUMENT; EARNINGS CALL TRANSCRIPT,Transcript truncated - Q&A omitted; Motley Fool/Insider Monkey; Human worksheet included
LLY_FQ3_2025,LLY,p2_eli_lilly,2025-10-29,absent,partial,partial,absent,EARNINGS DOCUMENT; EARNINGS CALL TRANSCRIPT,Transcript truncated - Q&A omitted; Motley Fool/Insider Monkey; Human worksheet included
LLY_FQ4_2025,LLY,p2_eli_lilly,2026-02-03,absent,partial,partial,absent,EARNINGS DOCUMENT; EARNINGS CALL TRANSCRIPT,Transcript truncated - Q&A omitted; Motley Fool/Insider Monkey; Human worksheet included
GS_FQ1_2025,GS,p2_goldman_sachs,2025-04-11,available,available,partial,available,EARNINGS CALL TRANSCRIPT; PRESS RELEASE,Motley Fool/Insider Monkey
GS_FQ1_2026,GS,p2_goldman_sachs,2026-04-10,available,available,partial,available,EARNINGS CALL TRANSCRIPT; PRESS RELEASE,Motley Fool/Insider Monkey
GS_FQ2_2025,GS,p2_goldman_sachs,2025-07-15,available,available,partial,available,EARNINGS CALL TRANSCRIPT; PRESS RELEASE,Motley Fool/Insider Monkey
GS_FQ2_2026,GS,p2_goldman_sachs,2026-07-13,available,available,partial,available,EARNINGS CALL TRANSCRIPT; PRESS RELEASE,Other transcript
GS_FQ3_2025,GS,p2_goldman_sachs,2025-10-13,available,available,partial,available,EARNINGS CALL TRANSCRIPT; PRESS RELEASE,Motley Fool/Insider Monkey
GS_FQ4_2025,GS,p2_goldman_sachs,2026-01-14,available,available,partial,available,EARNINGS CALL TRANSCRIPT; PRESS RELEASE,Motley Fool/Insider Monkey
IBM_FQ1_2026,IBM,p2_ibm,2026-04-22,absent,available,partial,available,EARNINGS DOCUMENT; EARNINGS CALL TRANSCRIPT,Motley Fool/Insider Monkey; Human worksheet included
IBM_FQ2_2025,IBM,p2_ibm,2025-07-23,absent,available,partial,available,EARNINGS DOCUMENT; EARNINGS CALL TRANSCRIPT,Motley Fool/Insider Monkey; Human worksheet included
IBM_FQ4_2025,IBM,p2_ibm,2026-01-28,absent,available,partial,available,EARNINGS DOCUMENT; EARNINGS CALL TRANSCRIPT,Motley Fool/Insider Monkey; Human worksheet included
LOW_FQ1_2025,LOW,p2_lowes,2026-05-21,available,available,partial,available,EARNINGS CALL TRANSCRIPT; PRESS RELEASE,Other transcript
LOW_FQ1_2026,LOW,p2_lowes,2026-05-20,available,available,partial,available,EARNINGS CALL TRANSCRIPT; PRESS RELEASE,Other transcript
LOW_FQ2_2025,LOW,p2_lowes,2025-08-20,available,available,partial,available,EARNINGS CALL TRANSCRIPT; PRESS RELEASE,Other transcript
LOW_FQ3_2025,LOW,p2_lowes,2025-11-19,available,available,partial,available,EARNINGS CALL TRANSCRIPT; PRESS RELEASE,Other transcript
LOW_FQ4_2025,LOW,p2_lowes,2026-02-25,available,available,partial,available,EARNINGS CALL TRANSCRIPT; PRESS RELEASE,Other transcript
LULU_FQ1_2026,LULU,p2_lululemon,2026-06-04,available,available,partial,available,EARNINGS CALL TRANSCRIPT; PRESS RELEASE,Motley Fool/Insider Monkey
LULU_FQ3_2025,LULU,p2_lululemon,2025-12-11,available,available,partial,available,EARNINGS CALL TRANSCRIPT; PRESS RELEASE,Motley Fool/Insider Monkey
LULU_FQ4_2025,LULU,p2_lululemon,2026-03-17,available,available,partial,available,EARNINGS CALL TRANSCRIPT; PRESS RELEASE,Motley Fool/Insider Monkey
AMKBY_FQ1_2025,AMKBY,p2_maersk,2025-05-07,absent,available,partial,available,EARNINGS DOCUMENT; EARNINGS PRESENTATION; EARNINGS CALL TRANSCRIPT,Other transcript; Human worksheet included
AMKBY_FQ2_2025,AMKBY,p2_maersk,2025-08-07,absent,available,partial,available,EARNINGS DOCUMENT; EARNINGS PRESENTATION; EARNINGS CALL TRANSCRIPT,Other transcript; Human worksheet included
AMKBY_FQ3_2025,AMKBY,p2_maersk,2025-11-05,absent,available,partial,available,EARNINGS DOCUMENT; EARNINGS PRESENTATION; EARNINGS CALL TRANSCRIPT,Other transcript; Human worksheet included
AMKBY_FQ4_2025,AMKBY,p2_maersk,2026-02-05,available,available,partial,available,EARNINGS PRESENTATION; PRESS RELEASE; EARNINGS CALL TRANSCRIPT,Other transcript
MCD_FQ1_2026,MCD,p2_mcdonalds,2026-05-07,absent,available,partial,available,EARNINGS CALL TRANSCRIPT; EARNINGS DOCUMENT,Motley Fool/Insider Monkey; Human worksheet included
MCD_FQ4_2024,MCD,p2_mcdonalds,2025-02-10,absent,available,partial,available,EARNINGS CALL TRANSCRIPT; EARNINGS DOCUMENT,Motley Fool/Insider Monkey; Human worksheet included
MCD_FQ4_2025,MCD,p2_mcdonalds,2026-02-11,absent,available,partial,available,EARNINGS DOCUMENT; EARNINGS CALL TRANSCRIPT,Motley Fool/Insider Monkey; Human worksheet included
META_FQ1_2026,META,p2_meta,2026-04-29,absent,available,partial,available,EARNINGS DOCUMENT; EARNINGS CALL TRANSCRIPT,Motley Fool/Insider Monkey; Human worksheet included
META_FQ3_2025,META,p2_meta,2025-10-29,absent,available,partial,available,EARNINGS DOCUMENT; EARNINGS CALL TRANSCRIPT,Motley Fool/Insider Monkey; Human worksheet included
META_FQ4_2025,META,p2_meta,2026-01-28,absent,available,partial,available,EARNINGS DOCUMENT; EARNINGS CALL TRANSCRIPT,Motley Fool/Insider Monkey; Human worksheet included
NKE_FQ1_2025,NKE,p2_nike,2024-10-01,absent,available,partial,available,EARNINGS DOCUMENT; EARNINGS CALL TRANSCRIPT,Motley Fool/Insider Monkey; Human worksheet included
NKE_FQ2_2025,NKE,p2_nike,2024-12-19,absent,available,partial,available,EARNINGS DOCUMENT; EARNINGS CALL TRANSCRIPT,Motley Fool/Insider Monkey; Human worksheet included
NKE_FQ3_2025,NKE,p2_nike,2025-03-20,absent,available,partial,available,EARNINGS DOCUMENT; EARNINGS CALL TRANSCRIPT,Motley Fool/Insider Monkey; Human worksheet included
NVDA_FQ1_2025,NVDA,p2_nvidia,2025-02-26,absent,available,partial,available,EARNINGS CALL TRANSCRIPT; EARNINGS DOCUMENT,Motley Fool/Insider Monkey; Human worksheet included
NVDA_FQ2_2025,NVDA,p2_nvidia,2025-05-28,absent,available,partial,available,EARNINGS CALL TRANSCRIPT; EARNINGS DOCUMENT,Motley Fool/Insider Monkey; Human worksheet included
NVDA_FQ3_2025,NVDA,p2_nvidia,2025-08-27,absent,available,partial,available,EARNINGS CALL TRANSCRIPT; EARNINGS DOCUMENT,Motley Fool/Insider Monkey; Human worksheet included
NVDA_FQ4_2025,NVDA,p2_nvidia,2025-11-19,absent,available,partial,available,EARNINGS CALL TRANSCRIPT; EARNINGS DOCUMENT,Motley Fool/Insider Monkey; Human worksheet included
TSLA_FQ1_2026,TSLA,p2_tesla,2026-04-22,absent,available,partial,available,EARNINGS DOCUMENT; EARNINGS CALL TRANSCRIPT,Motley Fool/Insider Monkey; Human worksheet included
TSLA_FQ3_2025,TSLA,p2_tesla,2025-10-22,absent,available,partial,available,EARNINGS DOCUMENT; EARNINGS CALL TRANSCRIPT,Motley Fool/Insider Monkey; Human worksheet included
TSLA_FQ4_2025,TSLA,p2_tesla,2026-01-28,absent,available,partial,available,EARNINGS DOCUMENT; EARNINGS CALL TRANSCRIPT,Motley Fool/Insider Monkey; Human worksheet included
UBER_FQ1_2025,UBER,p2_uber,2025-05-06,available,available,partial,available,EARNINGS CALL TRANSCRIPT; PRESS RELEASE,FactSet
UBER_FQ1_2026,UBER,p2_uber,2026-05-05,available,available,partial,available,EARNINGS CALL TRANSCRIPT; PRESS RELEASE,FactSet
UBER_FQ2_2025,UBER,p2_uber,2025-08-05,available,available,partial,available,EARNINGS CALL TRANSCRIPT; PRESS RELEASE,FactSet
UBER_FQ4_2025,UBER,p2_uber,2026-02-03,available,available,partial,available,EARNINGS CALL TRANSCRIPT; PRESS RELEASE,FactSet
WMT_FQ1_2025,WMT,p2_walmart,2025-05-14,absent,available,partial,available,EARNINGS CALL TRANSCRIPT; EARNINGS PRESENTATION; EARNINGS DOCUMENT,FactSet; Human worksheet included
WMT_FQ1_2026,WMT,p2_walmart,2026-05-20,absent,available,partial,available,EARNINGS CALL TRANSCRIPT; EARNINGS PRESENTATION; EARNINGS DOCUMENT,FactSet; Human worksheet included
WMT_FQ2_2025,WMT,p2_walmart,2025-08-20,absent,available,partial,available,EARNINGS CALL TRANSCRIPT; EARNINGS PRESENTATION; EARNINGS DOCUMENT,Other transcript; Human worksheet included
WMT_FQ3_2025,WMT,p2_walmart,2025-11-19,absent,available,partial,available,EARNINGS CALL TRANSCRIPT; EARNINGS PRESENTATION; EARNINGS DOCUMENT,FactSet; Human worksheet included
WMT_FQ4_2025,WMT,p2_walmart,2026-02-18,absent,available,partial,available,EARNINGS CALL TRANSCRIPT; EARNINGS PRESENTATION; EARNINGS DOCUMENT,FactSet; Human worksheet included
BAC_FQ1_2025,BAC,p2_bank_of_america,2025-04-15,available,absent,partial,absent,EARNINGS PRESENTATION; PRESS RELEASE; SUPPLEMENTAL INFORMATION,No transcript
BAC_FQ2_2025,BAC,p2_bank_of_america,2025-07-15,available,absent,partial,absent,EARNINGS PRESENTATION; PRESS RELEASE; SUPPLEMENTAL INFORMATION,No transcript
BAC_FQ3_2025,BAC,p2_bank_of_america,2025-10-14,available,absent,partial,absent,EARNINGS PRESENTATION; PRESS RELEASE; SUPPLEMENTAL INFORMATION,No transcript
BAC_FQ4_2025,BAC,p2_bank_of_america,2026-01-13,available,absent,partial,absent,EARNINGS PRESENTATION; PRESS RELEASE; SUPPLEMENTAL INFORMATION,No transcript
BA_FQ1_2025,BA,p2_boeing,2025-04-23,available,available,partial,available,EARNINGS PRESENTATION; PRESS RELEASE; EARNINGS CALL TRANSCRIPT,FactSet
BA_FQ2_2025,BA,p2_boeing,2025-07-29,available,absent,partial,absent,EARNINGS PRESENTATION; PRESS RELEASE,No transcript
BA_FQ3_2025,BA,p2_boeing,2025-10-29,available,absent,partial,absent,EARNINGS PRESENTATION; PRESS RELEASE,No transcript
BA_FQ4_2025,BA,p2_boeing,2026-01-26,available,available,partial,available,EARNINGS DOCUMENT; EARNINGS PRESENTATION; PRESS RELEASE; EARNINGS CALL TRANSCRIPT,Other transcript; Human worksheet included
DIS_FQ1_2025,DIS,p2_disney,2025-02-05,available,available,partial,available,EARNINGS CALL TRANSCRIPT; PRESS RELEASE,Motley Fool/Insider Monkey
DIS_FQ3_2025,DIS,p2_disney,2025-08-05,available,available,partial,available,EARNINGS CALL TRANSCRIPT; PRESS RELEASE,Other transcript
DIS_FQ4_2025,DIS,p2_disney,2025-11-12,available,available,partial,available,EARNINGS CALL TRANSCRIPT; PRESS RELEASE,Other transcript
JPM_FQ1_2025,JPM,p2_jpm,2025-04-10,absent,available,partial,available,EARNINGS CALL TRANSCRIPT,Other transcript
JPM_FQ1_2026,JPM,p2_jpm,2026-04-14,available,available,partial,available,PRESS RELEASE; EARNINGS CALL TRANSCRIPT,Motley Fool/Insider Monkey
JPM_FQ2_2025,JPM,p2_jpm,2025-07-15,absent,available,partial,available,EARNINGS CALL TRANSCRIPT,Other transcript
JPM_FQ3_2025,JPM,p2_jpm,2025-10-14,absent,available,partial,available,EARNINGS CALL TRANSCRIPT,Other transcript
JPM_FQ4_2025,JPM,p2_jpm,2026-01-13,absent,available,partial,available,EARNINGS CALL TRANSCRIPT,Other transcript
NFLX_FQ1_2025,NFLX,p2_netflix,2025-04-17,absent,available,partial,available,EARNINGS CALL TRANSCRIPT; EARNINGS DOCUMENT,Motley Fool/Insider Monkey; Human worksheet included
NFLX_FQ1_2026,NFLX,p2_netflix,2026-04-16,absent,available,partial,available,EARNINGS CALL TRANSCRIPT; EARNINGS DOCUMENT,Other transcript; Human worksheet included
NFLX_FQ2_2025,NFLX,p2_netflix,2025-07-17,absent,available,partial,available,EARNINGS CALL TRANSCRIPT; EARNINGS DOCUMENT,Motley Fool/Insider Monkey; Human worksheet included
NFLX_FQ3_2025,NFLX,p2_netflix,2025-10-21,absent,available,partial,available,EARNINGS DOCUMENT; EARNINGS CALL TRANSCRIPT,Motley Fool/Insider Monkey; Human worksheet included
NFLX_FQ4_2024,NFLX,p2_netflix,2025-01-21,absent,available,partial,available,EARNINGS DOCUMENT; EARNINGS CALL TRANSCRIPT,Motley Fool/Insider Monkey; Human worksheet included
NFLX_FQ4_2025,NFLX,p2_netflix,2026-01-20,absent,available,partial,available,EARNINGS DOCUMENT; EARNINGS DOCUMENT; EARNINGS CALL TRANSCRIPT,Motley Fool/Insider Monkey; Human worksheet included
TGT_FQ1_2025,TGT,p2_target,2025-05-21,available,available,partial,available,EARNINGS CALL TRANSCRIPT; PRESS RELEASE,Other transcript
TGT_FQ1_2026,TGT,p2_target,2026-05-20,available,available,partial,available,EARNINGS CALL TRANSCRIPT; PRESS RELEASE,Other transcript
TGT_FQ2_2025,TGT,p2_target,2025-08-20,available,available,partial,available,EARNINGS CALL TRANSCRIPT; PRESS RELEASE,Other transcript
TGT_FQ3_2025,TGT,p2_target,2025-11-19,available,available,partial,available,EARNINGS CALL TRANSCRIPT; PRESS RELEASE,Other transcript
BCS_FQ1_2026,BCS,p2_barclays,2026-04-28,available,available,partial,available,EARNINGS CALL TRANSCRIPT; PRESS RELEASE,Other transcript
BCS_FQ2_2025,BCS,p2_barclays,2025-07-29,available,available,partial,available,EARNINGS CALL TRANSCRIPT; PRESS RELEASE,Other transcript
BCS_FQ3_2025,BCS,p2_barclays,2025-10-22,available,available,partial,available,EARNINGS CALL TRANSCRIPT; PRESS RELEASE,Other transcript
F_FQ1_2026,F,p2_ford,2026-04-29,available,available,partial,available,EARNINGS CALL TRANSCRIPT; PRESS RELEASE,Other transcript
F_FQ2_2025,F,p2_ford,2025-07-30,available,available,partial,available,EARNINGS CALL TRANSCRIPT; PRESS RELEASE,Other transcript
F_FQ4_2025,F,p2_ford,2026-02-10,available,available,partial,available,EARNINGS CALL TRANSCRIPT; PRESS RELEASE,Other transcript
MSFT_FQ1_2025,MSFT,p2_microsoft,2024-10-30,absent,available,partial,available,EARNINGS DOCUMENT; EARNINGS CALL TRANSCRIPT,Motley Fool/Insider Monkey; Human worksheet included
MSFT_FQ1_2026,MSFT,p2_microsoft,2025-10-29,absent,available,partial,available,EARNINGS DOCUMENT; EARNINGS CALL TRANSCRIPT,Motley Fool/Insider Monkey; Human worksheet included
MSFT_FQ2_2025,MSFT,p2_microsoft,2025-01-29,absent,available,partial,available,EARNINGS DOCUMENT; EARNINGS CALL TRANSCRIPT,Motley Fool/Insider Monkey; Human worksheet included
PFE_FQ1_2025,PFE,p2_pfizer,2025-04-28,available,available,partial,available,EARNINGS CALL TRANSCRIPT; PRESS RELEASE,Other transcript
PFE_FQ1_2026,PFE,p2_pfizer,2026-05-04,available,available,partial,available,EARNINGS CALL TRANSCRIPT; PRESS RELEASE,Other transcript
PFE_FQ2_2025,PFE,p2_pfizer,2025-08-04,available,available,partial,available,EARNINGS CALL TRANSCRIPT; PRESS RELEASE,Other transcript
PFE_FQ4_2025,PFE,p2_pfizer,2026-02-02,available,available,partial,available,EARNINGS CALL TRANSCRIPT; PRESS RELEASE,Other transcript
UAL_FQ1_2025,UAL,p2_united_airlines,2025-04-15,absent,available,partial,available,EARNINGS DOCUMENT; EARNINGS DOCUMENT; EARNINGS CALL TRANSCRIPT; EARNINGS DOCUMENT,Other transcript; Human worksheet included
UAL_FQ2_2025,UAL,p2_united_airlines,2025-07-16,absent,available,partial,available,EARNINGS DOCUMENT; EARNINGS DOCUMENT; EARNINGS CALL TRANSCRIPT; EARNINGS DOCUMENT,Other transcript; Human worksheet included
UAL_FQ3_2025,UAL,p2_united_airlines,2025-10-15,absent,available,partial,available,EARNINGS CALL TRANSCRIPT; EARNINGS DOCUMENT; EARNINGS DOCUMENT,Other transcript; Human worksheet included
UAL_FQ4_2025,UAL,p2_united_airlines,2026-01-20,absent,available,partial,available,EARNINGS CALL TRANSCRIPT; EARNINGS DOCUMENT,Other transcript; Human worksheet included
PEP_FQ1_2023,PEP,p2_pepsico,2023-04-25,available,available,partial,available,PRESS RELEASE; EARNINGS CALL TRANSCRIPT,Motley Fool/Insider Monkey
PEP_FQ1_2024,PEP,p2_pepsico,2024-04-23,available,absent,partial,absent,PRESS RELEASE,No transcript
PEP_FQ1_2025,PEP,p2_pepsico,2025-04-24,available,available,partial,available,PRESS RELEASE; EARNINGS CALL TRANSCRIPT,Motley Fool/Insider Monkey
PEP_FQ1_2026,PEP,p2_pepsico,2026-04-16,available,available,partial,available,PRESS RELEASE; EARNINGS CALL TRANSCRIPT,Motley Fool/Insider Monkey
PEP_FQ2_2023,PEP,p2_pepsico,2023-07-13,available,available,partial,available,PRESS RELEASE; EARNINGS CALL TRANSCRIPT,Motley Fool/Insider Monkey
PEP_FQ2_2024,PEP,p2_pepsico,2024-07-11,available,available,partial,available,PRESS RELEASE; EARNINGS CALL TRANSCRIPT,Motley Fool/Insider Monkey
PEP_FQ2_2025,PEP,p2_pepsico,2025-07-17,available,available,partial,available,PRESS RELEASE; EARNINGS CALL TRANSCRIPT,Motley Fool/Insider Monkey
PEP_FQ2_2026,PEP,p2_pepsico,2026-07-09,available,available,partial,available,PRESS RELEASE; EARNINGS CALL TRANSCRIPT,Motley Fool/Insider Monkey
PEP_FQ3_2023,PEP,p2_pepsico,2023-10-10,available,available,partial,available,PRESS RELEASE; EARNINGS CALL TRANSCRIPT,Motley Fool/Insider Monkey
PEP_FQ3_2024,PEP,p2_pepsico,2024-10-08,available,available,partial,available,PRESS RELEASE; EARNINGS CALL TRANSCRIPT,Motley Fool/Insider Monkey
PEP_FQ3_2025,PEP,p2_pepsico,2025-10-09,available,available,partial,available,PRESS RELEASE; EARNINGS CALL TRANSCRIPT,Motley Fool/Insider Monkey
PEP_FQ4_2023,PEP,p2_pepsico,2024-02-09,available,available,partial,available,PRESS RELEASE; EARNINGS CALL TRANSCRIPT,Motley Fool/Insider Monkey
PEP_FQ4_2024,PEP,p2_pepsico,2025-02-04,available,available,partial,available,PRESS RELEASE; EARNINGS CALL TRANSCRIPT,Motley Fool/Insider Monkey
PEP_FQ4_2025,PEP,p2_pepsico,2026-02-03,available,available,partial,available,PRESS RELEASE; EARNINGS CALL TRANSCRIPT,Motley Fool/Insider Monkey
FDX_FQ1_2026,FDX,p2_fedex,2025-09-18,available,available,partial,available,PRESS RELEASE; EARNINGS CALL TRANSCRIPT,Other transcript
FDX_FQ2_2026,FDX,p2_fedex,2025-12-18,available,available,partial,available,PRESS RELEASE; EARNINGS CALL TRANSCRIPT,Other transcript
FDX_FQ3_2026,FDX,p2_fedex,2026-03-19,available,available,partial,available,PRESS RELEASE; EARNINGS CALL TRANSCRIPT,Other transcript
FDX_FQ4_2026,FDX,p2_fedex,2026-06-23,available,available,partial,available,PRESS RELEASE; EARNINGS CALL TRANSCRIPT,Other transcript
LMT_FQ1_2025,LMT,p2_lockheed_martin,2025-04-22,available,available,partial,available,PRESS RELEASE; EARNINGS CALL TRANSCRIPT,Motley Fool/Insider Monkey
LMT_FQ2_2025,LMT,p2_lockheed_martin,2025-07-22,available,available,partial,available,PRESS RELEASE; EARNINGS CALL TRANSCRIPT,Motley Fool/Insider Monkey
LMT_FQ3_2025,LMT,p2_lockheed_martin,2025-10-21,available,available,partial,available,PRESS RELEASE; EARNINGS CALL TRANSCRIPT,Motley Fool/Insider Monkey
LMT_FQ4_2025,LMT,p2_lockheed_martin,2026-01-29,available,available,partial,available,PRESS RELEASE; EARNINGS CALL TRANSCRIPT,Motley Fool/Insider Monkey
NVO_FQ1_2025,NVO,p2_novo_nordisk,2025-05-07,available,available,partial,available,PRESS RELEASE; EARNINGS CALL TRANSCRIPT,Motley Fool/Insider Monkey
NVO_FQ2_2025,NVO,p2_novo_nordisk,2025-08-06,available,available,partial,available,PRESS RELEASE; EARNINGS CALL TRANSCRIPT,Motley Fool/Insider Monkey
NVO_FQ3_2025,NVO,p2_novo_nordisk,2025-11-05,available,available,partial,available,PRESS RELEASE; EARNINGS CALL TRANSCRIPT,Motley Fool/Insider Monkey
NVO_FQ4_2025,NVO,p2_novo_nordisk,2026-02-03,available,available,partial,available,PRESS RELEASE; EARNINGS CALL TRANSCRIPT; INVESTOR PRESENTATION,Motley Fool/Insider Monkey
HLT_FQ1_2025,HLT,p2_hilton,2025-04-29,available,available,partial,available,PRESS RELEASE; EARNINGS CALL TRANSCRIPT,Other transcript
HLT_FQ1_2026,HLT,p2_hilton,2026-04-28,available,available,partial,available,PRESS RELEASE; EARNINGS CALL TRANSCRIPT,Motley Fool/Insider Monkey
HLT_FQ2_2025,HLT,p2_hilton,2025-07-23,available,available,partial,available,PRESS RELEASE; EARNINGS CALL TRANSCRIPT,Motley Fool/Insider Monkey
HLT_FQ3_2024,HLT,p2_hilton,2024-10-23,available,available,partial,available,PRESS RELEASE; EARNINGS CALL TRANSCRIPT,Motley Fool/Insider Monkey
HLT_FQ4_2025,HLT,p2_hilton,2026-02-11,available,available,partial,available,PRESS RELEASE; EARNINGS CALL TRANSCRIPT,Motley Fool/Insider Monkey
MC.PA_FQ2_2025,MC.PA,p2_lvmh,2025-07-24,available,absent,partial,absent,PRESS RELEASE,No transcript
MC.PA_FQ4_2025,MC.PA,p2_lvmh,2026-01-27,available,absent,partial,absent,PRESS RELEASE; RESULTS PRESENTATION,No transcript
MAR_FQ1_2026,MAR,p2_marriott,2026-05-06,available,available,partial,available,PRESS RELEASE; EARNINGS CALL TRANSCRIPT,Motley Fool/Insider Monkey
MAR_FQ2_2025,MAR,p2_marriott,2025-08-05,available,available,partial,available,PRESS RELEASE; EARNINGS CALL TRANSCRIPT,Motley Fool/Insider Monkey
MAR_FQ3_2025,MAR,p2_marriott,2025-11-04,available,available,partial,available,PRESS RELEASE; EARNINGS CALL TRANSCRIPT,Motley Fool/Insider Monkey
MAR_FQ4_2025,MAR,p2_marriott,2026-02-10,available,available,partial,available,PRESS RELEASE; EARNINGS CALL TRANSCRIPT,Motley Fool/Insider Monkey
ALV.DE_FQ1_2025,ALV.DE,p2_allianz,2025-05-15,available,absent,partial,absent,PRESS RELEASE; EARNINGS PRESENTATION; PRESS RELEASE (PDF DUPLICATE),No transcript
GOOGL_FQ1_2026,GOOGL,p2_alphabet,2026-04-29,available,available,partial,available,PRESS RELEASE; EARNINGS PRESENTATION; EARNINGS CALL TRANSCRIPT,Motley Fool/Insider Monkey
GOOGL_FQ3_2025,GOOGL,p2_alphabet,2025-10-29,available,available,partial,available,PRESS RELEASE; EARNINGS PRESENTATION; EARNINGS CALL TRANSCRIPT,Motley Fool/Insider Monkey
GOOGL_FQ4_2025,GOOGL,p2_alphabet,2026-02-04,available,available,partial,available,PRESS RELEASE; EARNINGS PRESENTATION; EARNINGS CALL TRANSCRIPT,Motley Fool/Insider Monkey
BKNG_FQ2_2025,BKNG,p2_booking_holdings,2025-07-29,available,absent,partial,absent,PRESS RELEASE; EARNINGS PRESENTATION,No transcript
BKNG_FQ3_2025,BKNG,p2_booking_holdings,2025-10-28,available,available,partial,available,PRESS RELEASE; EARNINGS CALL TRANSCRIPT,FactSet
BKNG_FQ4_2025,BKNG,p2_booking_holdings,2026-02-18,available,available,partial,available,PRESS RELEASE; EARNINGS CALL TRANSCRIPT,FactSet
AVGO_FQ1_2026,AVGO,p2_broadcom,2026-03-04,available,available,partial,available,PRESS RELEASE; EARNINGS PRESENTATION; EARNINGS CALL TRANSCRIPT,Motley Fool/Insider Monkey
AVGO_FQ3_2025,AVGO,p2_broadcom,2025-09-04,available,available,partial,available,PRESS RELEASE; EARNINGS PRESENTATION; EARNINGS CALL TRANSCRIPT,Motley Fool/Insider Monkey
AVGO_FQ4_2025,AVGO,p2_broadcom,2025-12-11,available,available,partial,available,PRESS RELEASE; EARNINGS PRESENTATION; EARNINGS CALL TRANSCRIPT,Motley Fool/Insider Monkey
CAT_FQ2_2025,CAT,p2_caterpillar,2025-08-04,available,available,partial,available,PRESS RELEASE; EARNINGS PRESENTATION; EARNINGS CALL TRANSCRIPT,Other transcript
CAT_FQ3_2025,CAT,p2_caterpillar,2025-10-28,available,available,partial,available,PRESS RELEASE; EARNINGS PRESENTATION; EARNINGS CALL TRANSCRIPT,Other transcript
CAT_FQ4_2025,CAT,p2_caterpillar,2026-01-28,available,available,partial,available,PRESS RELEASE; EARNINGS PRESENTATION; EARNINGS CALL TRANSCRIPT,Other transcript
CMG_FQ1_2025,CMG,p2_chipotle,2025-04-23,available,available,partial,available,PRESS RELEASE; EARNINGS CALL TRANSCRIPT,Motley Fool/Insider Monkey
CMG_FQ2_2025,CMG,p2_chipotle,2025-07-23,available,available,partial,available,PRESS RELEASE; EARNINGS CALL TRANSCRIPT,Motley Fool/Insider Monkey
CMG_FQ3_2025,CMG,p2_chipotle,2025-10-29,available,available,partial,available,PRESS RELEASE; EARNINGS CALL TRANSCRIPT,Motley Fool/Insider Monkey
CMG_FQ4_2025,CMG,p2_chipotle,2026-02-03,available,available,partial,available,PRESS RELEASE; EARNINGS CALL TRANSCRIPT,Motley Fool/Insider Monkey
CMCSA_FQ1_2025,CMCSA,p2_comcast_corporation,2025-04-23,available,available,partial,available,PRESS RELEASE; EARNINGS PRESENTATION; EARNINGS CALL TRANSCRIPT,Other transcript
CMCSA_FQ1_2026,CMCSA,p2_comcast_corporation,2026-04-22,available,available,partial,available,PRESS RELEASE; EARNINGS PRESENTATION; EARNINGS CALL TRANSCRIPT,Other transcript
CMCSA_FQ2_2025,CMCSA,p2_comcast_corporation,2025-07-30,available,available,partial,available,PRESS RELEASE; EARNINGS PRESENTATION; EARNINGS CALL TRANSCRIPT,Other transcript
CMCSA_FQ4_2025,CMCSA,p2_comcast_corporation,2026-01-28,available,available,partial,available,PRESS RELEASE; EARNINGS PRESENTATION; EARNINGS CALL TRANSCRIPT,Other transcript
DELL_FQ1_2025,DELL,p2_dell,2025-05-29,available,available,partial,available,PRESS RELEASE; EARNINGS CALL TRANSCRIPT,Other transcript
DELL_FQ3_2025,DELL,p2_dell,2025-11-25,available,available,partial,available,PRESS RELEASE; EARNINGS CALL TRANSCRIPT,Other transcript
DELL_FQ4_2025,DELL,p2_dell,2026-02-26,available,available,partial,available,PRESS RELEASE; EARNINGS CALL TRANSCRIPT,Other transcript
DAL_FQ1_2025,DAL,p2_delta_air_lines,2025-04-09,available,available,partial,available,PRESS RELEASE; EARNINGS PRESENTATION; EARNINGS CALL TRANSCRIPT,FactSet
DAL_FQ2_2025,DAL,p2_delta_air_lines,2025-07-10,available,available,partial,available,PRESS RELEASE; EARNINGS PRESENTATION; EARNINGS CALL TRANSCRIPT,FactSet
DAL_FQ3_2025,DAL,p2_delta_air_lines,2025-10-09,available,available,partial,available,PRESS RELEASE; EARNINGS PRESENTATION; EARNINGS CALL TRANSCRIPT,FactSet
DAL_FQ4_2025,DAL,p2_delta_air_lines,2026-01-13,available,available,partial,available,PRESS RELEASE; EARNINGS PRESENTATION; EARNINGS CALL TRANSCRIPT,FactSet
EXPE_FQ1_2025,EXPE,p2_expedia,2025-05-08,available,available,partial,available,PRESS RELEASE; EARNINGS PRESENTATION; EARNINGS CALL TRANSCRIPT,Other transcript
EXPE_FQ1_2026,EXPE,p2_expedia,2026-05-07,available,available,partial,available,PRESS RELEASE; EARNINGS PRESENTATION; EARNINGS CALL TRANSCRIPT,Other transcript
EXPE_FQ2_2025,EXPE,p2_expedia,2025-08-07,available,available,partial,available,PRESS RELEASE; EARNINGS PRESENTATION; EARNINGS CALL TRANSCRIPT,Other transcript
EXPE_FQ4_2025,EXPE,p2_expedia,2026-02-12,available,available,partial,available,PRESS RELEASE; EARNINGS PRESENTATION; EARNINGS CALL TRANSCRIPT,Other transcript
GIS_FQ2_2026,GIS,p2_general_mills,2025-12-17,available,available,partial,available,PRESS RELEASE; EARNINGS PRESENTATION; EARNINGS CALL TRANSCRIPT,Motley Fool/Insider Monkey
GIS_FQ3_2026,GIS,p2_general_mills,2026-03-18,available,available,partial,available,PRESS RELEASE; EARNINGS PRESENTATION; EARNINGS CALL TRANSCRIPT,Motley Fool/Insider Monkey
GIS_FQ4_2026,GIS,p2_general_mills,2026-07-01,available,absent,partial,absent,PRESS RELEASE; EARNINGS PRESENTATION,No transcript
JNJ_FQ1_2025,JNJ,p2_johnson_johnson,2025-04-14,available,available,partial,available,PRESS RELEASE; EARNINGS PRESENTATION; EARNINGS CALL TRANSCRIPT,Other transcript
JNJ_FQ2_2025,JNJ,p2_johnson_johnson,2025-07-15,available,available,partial,available,PRESS RELEASE; EARNINGS PRESENTATION; EARNINGS CALL TRANSCRIPT,Other transcript
JNJ_FQ3_2025,JNJ,p2_johnson_johnson,2025-10-13,available,available,partial,available,PRESS RELEASE; EARNINGS PRESENTATION; EARNINGS CALL TRANSCRIPT,Other transcript
KHC_FQ1_2025,KHC,p2_kraft_heinz,2026-02-11,available,available,partial,available,PRESS RELEASE; EARNINGS CALL TRANSCRIPT,Motley Fool/Insider Monkey
KHC_FQ1_2026,KHC,p2_kraft_heinz,2026-05-06,available,available,partial,available,PRESS RELEASE; EARNINGS CALL TRANSCRIPT,Motley Fool/Insider Monkey
KHC_FQ4_2024,KHC,p2_kraft_heinz,2025-02-12,available,available,partial,available,PRESS RELEASE; EARNINGS CALL TRANSCRIPT,Motley Fool/Insider Monkey
LNVGY_FQ1_2026,LNVGY,p2_lenovo,2025-08-14,available,absent,partial,absent,PRESS RELEASE; EARNINGS PRESENTATION,No transcript
LNVGY_FQ2_2026,LNVGY,p2_lenovo,2026-01-30,available,absent,partial,absent,PRESS RELEASE; EARNINGS PRESENTATION,No transcript
LNVGY_FQ3_2026,LNVGY,p2_lenovo,2026-02-12,available,absent,partial,absent,PRESS RELEASE; EARNINGS PRESENTATION,No transcript
LNVGY_FQ4_2026,LNVGY,p2_lenovo,2026-05-22,available,absent,partial,absent,PRESS RELEASE; EARNINGS PRESENTATION,No transcript
LIN_FQ1_2026,LIN,p2_linde,2026-05-01,available,available,partial,available,PRESS RELEASE; EARNINGS PRESENTATION; EARNINGS CALL TRANSCRIPT,Other transcript
LIN_FQ2_2025,LIN,p2_linde,2025-08-01,available,available,partial,available,PRESS RELEASE; EARNINGS PRESENTATION; EARNINGS CALL TRANSCRIPT,Other transcript
LIN_FQ3_2025,LIN,p2_linde,2025-10-31,available,available,partial,available,PRESS RELEASE; EARNINGS PRESENTATION; EARNINGS CALL TRANSCRIPT,Other transcript
MET_FQ1_2026,MET,p2_metlife,2026-05-06,available,available,partial,available,PRESS RELEASE; EARNINGS CALL TRANSCRIPT; EARNINGS PRESENTATION,Motley Fool/Insider Monkey
MET_FQ2_2024,MET,p2_metlife,2024-07-31,available,absent,partial,absent,PRESS RELEASE; EARNINGS PRESENTATION,No transcript
MET_FQ2_2025,MET,p2_metlife,2025-08-06,available,available,partial,available,PRESS RELEASE; EARNINGS CALL TRANSCRIPT; EARNINGS PRESENTATION,Motley Fool/Insider Monkey
MET_FQ3_2024,MET,p2_metlife,2024-10-30,available,absent,partial,absent,PRESS RELEASE; EARNINGS PRESENTATION,No transcript
MET_FQ3_2025,MET,p2_metlife,2025-11-05,available,absent,partial,absent,PRESS RELEASE; EARNINGS PRESENTATION,No transcript
MET_FQ4_2025,MET,p2_metlife,2026-02-04,available,available,partial,available,PRESS RELEASE; EARNINGS CALL TRANSCRIPT; EARNINGS PRESENTATION,Motley Fool/Insider Monkey
MU_FQ1_2026,MU,p2_micron,2025-12-17,available,available,partial,available,PRESS RELEASE; EARNINGS PRESENTATION; EARNINGS CALL TRANSCRIPT,Motley Fool/Insider Monkey
MU_FQ2_2026,MU,p2_micron,2026-03-18,available,available,partial,available,PRESS RELEASE; EARNINGS PRESENTATION; EARNINGS CALL TRANSCRIPT,Motley Fool/Insider Monkey
MU_FQ4_2025,MU,p2_micron,2025-09-23,available,available,partial,available,PRESS RELEASE; EARNINGS PRESENTATION; EARNINGS CALL TRANSCRIPT,Motley Fool/Insider Monkey
ORCL_FQ1_2026,ORCL,p2_oracle,2025-09-09,available,available,partial,available,PRESS RELEASE; EARNINGS CALL TRANSCRIPT,Motley Fool/Insider Monkey
ORCL_FQ2_2026,ORCL,p2_oracle,2025-12-10,available,available,partial,available,PRESS RELEASE; EARNINGS CALL TRANSCRIPT,Motley Fool/Insider Monkey
ORCL_FQ3_2026,ORCL,p2_oracle,2026-03-10,available,available,partial,available,PRESS RELEASE; EARNINGS CALL TRANSCRIPT,Motley Fool/Insider Monkey
PLTR_FQ1_2025,PLTR,p2_palantir,2025-05-05,available,absent,partial,absent,PRESS RELEASE; EARNINGS PRESENTATION,No transcript
PLTR_FQ2_2025,PLTR,p2_palantir,2025-08-04,available,absent,partial,absent,PRESS RELEASE; EARNINGS PRESENTATION,No transcript
PLTR_FQ3_2025,PLTR,p2_palantir,2025-11-03,available,absent,partial,absent,PRESS RELEASE; EARNINGS PRESENTATION,No transcript
PLTR_FQ4_2025,PLTR,p2_palantir,2026-02-02,available,absent,partial,absent,PRESS RELEASE; EARNINGS PRESENTATION,No transcript
PYPL_FQ1_2025,PYPL,p2_paypal,2025-04-29,available,available,partial,available,PRESS RELEASE; EARNINGS PRESENTATION; EARNINGS CALL TRANSCRIPT,FactSet
PYPL_FQ1_2026,PYPL,p2_paypal,2026-05-05,available,available,partial,available,PRESS RELEASE; EARNINGS PRESENTATION; EARNINGS CALL TRANSCRIPT,FactSet
PYPL_FQ2_2025,PYPL,p2_paypal,2025-07-29,available,available,partial,available,PRESS RELEASE; EARNINGS PRESENTATION; EARNINGS CALL TRANSCRIPT,FactSet
PYPL_FQ3_2025,PYPL,p2_paypal,2025-10-28,available,available,partial,available,PRESS RELEASE; EARNINGS PRESENTATION; EARNINGS CALL TRANSCRIPT,FactSet
PINS_FQ1_2026,PINS,p2_pinterest,2026-05-04,available,available,partial,available,PRESS RELEASE; EARNINGS PRESENTATION; EARNINGS CALL TRANSCRIPT,FactSet
PINS_FQ4_2024,PINS,p2_pinterest,2025-02-06,available,available,partial,available,PRESS RELEASE; EARNINGS PRESENTATION; EARNINGS CALL TRANSCRIPT,Motley Fool/Insider Monkey
PINS_FQ4_2025,PINS,p2_pinterest,2026-02-12,available,available,partial,available,PRESS RELEASE; EARNINGS PRESENTATION; EARNINGS CALL TRANSCRIPT,Motley Fool/Insider Monkey
PUM.DE_FQ1_2025,PUM.DE,p2_puma,2025-05-07,available,absent,partial,absent,PRESS RELEASE; EARNINGS PRESENTATION,No transcript
PUM.DE_FQ1_2026,PUM.DE,p2_puma,2026-04-30,available,available,partial,available,PRESS RELEASE; EARNINGS PRESENTATION; EARNINGS CALL TRANSCRIPT,Other transcript
PUM.DE_FQ3_2025,PUM.DE,p2_puma,2025-10-30,available,absent,partial,absent,PRESS RELEASE; EARNINGS PRESENTATION; EARNINGS CALL SUMMARY (AIDE MEMOIRE),No transcript
PUM.DE_FQ4_2025,PUM.DE,p2_puma,2026-02-26,available,available,partial,available,PRESS RELEASE; EARNINGS CALL TRANSCRIPT,Other transcript
HOOD_FQ1_2025,HOOD,p2_robinhood_markets,2025-04-30,available,available,partial,available,PRESS RELEASE; EARNINGS PRESENTATION; EARNINGS CALL TRANSCRIPT,Other transcript
HOOD_FQ1_2026,HOOD,p2_robinhood_markets,2026-04-28,available,available,partial,available,PRESS RELEASE; EARNINGS PRESENTATION; EARNINGS CALL TRANSCRIPT,Other transcript
HOOD_FQ2_2025,HOOD,p2_robinhood_markets,2025-07-30,available,available,partial,available,PRESS RELEASE; EARNINGS PRESENTATION; EARNINGS CALL TRANSCRIPT,Other transcript
HOOD_FQ3_2025,HOOD,p2_robinhood_markets,2025-11-05,available,available,partial,available,PRESS RELEASE; EARNINGS PRESENTATION; EARNINGS CALL TRANSCRIPT,Other transcript
CRM_FQ2_2026,CRM,p2_salesforce,2025-09-03,available,available,partial,available,PRESS RELEASE; EARNINGS PRESENTATION; EARNINGS CALL TRANSCRIPT,Other transcript
CRM_FQ3_2026,CRM,p2_salesforce,2025-12-03,available,available,partial,available,PRESS RELEASE; EARNINGS PRESENTATION; EARNINGS CALL TRANSCRIPT,Other transcript
CRM_FQ4_2026,CRM,p2_salesforce,2026-02-25,available,available,partial,available,PRESS RELEASE; EARNINGS PRESENTATION; EARNINGS CALL TRANSCRIPT,Other transcript
SIE.DE_FQ1_2026,SIE.DE,p2_siemens,2026-02-12,available,absent,partial,absent,PRESS RELEASE; EARNINGS PRESENTATION,No transcript
SIE.DE_FQ2_2026,SIE.DE,p2_siemens,2026-05-13,available,absent,partial,absent,PRESS RELEASE; EARNINGS PRESENTATION,No transcript
SIE.DE_FQ4_2025,SIE.DE,p2_siemens,2025-11-13,available,absent,partial,absent,PRESS RELEASE; EARNINGS PRESENTATION,No transcript
SPOT_FQ1_2026,SPOT,p2_spotify,2026-04-28,available,manual,partial,manual,PRESS RELEASE; EARNINGS PRESENTATION; EARNINGS CALL TRANSCRIPT,Motley Fool/Insider Monkey
SPOT_FQ2_2025,SPOT,p2_spotify,2025-07-29,available,available,partial,available,PRESS RELEASE; EARNINGS PRESENTATION; EARNINGS CALL TRANSCRIPT,Motley Fool/Insider Monkey
SPOT_FQ3_2025,SPOT,p2_spotify,2025-11-04,available,available,partial,available,PRESS RELEASE; EARNINGS PRESENTATION; EARNINGS CALL TRANSCRIPT,Motley Fool/Insider Monkey
SPOT_FQ4_2025,SPOT,p2_spotify,2026-02-10,available,available,partial,available,PRESS RELEASE; EARNINGS PRESENTATION; EARNINGS CALL TRANSCRIPT,Motley Fool/Insider Monkey
STAN.L_FQ1_2025,STAN.L,p2_standard_chartered,2025-05-02,available,absent,partial,absent,PRESS RELEASE; EARNINGS PRESENTATION,No transcript
STAN.L_FQ2_2025,STAN.L,p2_standard_chartered,2025-07-31,available,absent,partial,absent,PRESS RELEASE; EARNINGS PRESENTATION,No transcript
STAN.L_FQ3_2025,STAN.L,p2_standard_chartered,2025-10-30,available,available,partial,available,PRESS RELEASE; EARNINGS CALL TRANSCRIPT,Other transcript
STAN.L_FQ4_2025,STAN.L,p2_standard_chartered,2026-02-23,absent,available,partial,available,EARNINGS PRESENTATION; EARNINGS CALL TRANSCRIPT,Other transcript
SBUX_FQ1_2026,SBUX,p2_starbucks,2026-01-27,available,absent,partial,absent,PRESS RELEASE,No transcript
SBUX_FQ3_2025,SBUX,p2_starbucks,2025-07-29,available,absent,partial,absent,PRESS RELEASE; EARNINGS PRESENTATION,No transcript
SBUX_FQ4_2025,SBUX,p2_starbucks,2025-10-29,available,available,partial,available,PRESS RELEASE; EARNINGS CALL TRANSCRIPT,FactSet
UNH_FQ2_2025,UNH,p2_unitedhealth,2025-07-28,available,available,partial,available,PRESS RELEASE; EARNINGS PRESENTATION; EARNINGS CALL TRANSCRIPT,Motley Fool/Insider Monkey
UNH_FQ3_2025,UNH,p2_unitedhealth,2025-10-27,available,available,partial,available,PRESS RELEASE; EARNINGS PRESENTATION; EARNINGS CALL TRANSCRIPT,Motley Fool/Insider Monkey
UNH_FQ4_2025,UNH,p2_unitedhealth,2026-01-26,available,available,partial,available,PRESS RELEASE; EARNINGS PRESENTATION; EARNINGS CALL TRANSCRIPT,Motley Fool/Insider Monkey
V_FQ1_2025,V,p2_visa,2025-04-28,available,available,partial,available,PRESS RELEASE; EARNINGS PRESENTATION; EARNINGS CALL TRANSCRIPT,FactSet
V_FQ1_2026,V,p2_visa,2026-04-28,available,available,partial,available,PRESS RELEASE; EARNINGS PRESENTATION; EARNINGS CALL TRANSCRIPT,FactSet
V_FQ2_2025,V,p2_visa,2025-07-29,available,available,partial,available,PRESS RELEASE; EARNINGS PRESENTATION; EARNINGS CALL TRANSCRIPT,FactSet
V_FQ3_2025,V,p2_visa,2025-10-28,available,available,partial,available,PRESS RELEASE; EARNINGS PRESENTATION; EARNINGS CALL TRANSCRIPT,FactSet
WDAY_FQ1_2025,WDAY,p2_workday,2025-05-22,available,absent,partial,absent,PRESS RELEASE; EARNINGS PRESENTATION,No transcript
WDAY_FQ2_2025,WDAY,p2_workday,2025-08-21,available,available,partial,available,PRESS RELEASE; EARNINGS PRESENTATION; EARNINGS CALL TRANSCRIPT,Motley Fool/Insider Monkey
WDAY_FQ3_2025,WDAY,p2_workday,2025-11-25,available,available,partial,available,PRESS RELEASE; EARNINGS PRESENTATION; EARNINGS CALL TRANSCRIPT,Motley Fool/Insider Monkey
WDAY_FQ4_2025,WDAY,p2_workday,2026-02-24,available,available,partial,available,PRESS RELEASE; EARNINGS PRESENTATION; EARNINGS CALL TRANSCRIPT,Motley Fool/Insider Monkey
