run_id,document_id,issuer,company,ticker,fiscal_period,report_date,source_pdf,model,prompt,input_tokens,output_tokens,total_tokens,cached_input,estimated_cost_usd,latency_seconds,signal,signal_mismatch,sentiment_score,ensemble_runs,status
20260709T144020Z,JPM_FQ4_2020,jpm,JPMorgan Chase & Co.,JPM,FQ4 2020,2021-01-15,C:\Users\bencr\OneDrive\Personal\Computing\Business Analytics\Citibank APR\docs\jpm\CY2020-Q4\jpm-4q20-press-release.html,deepseek-v4-flash,llm_analysis_prompt_template.md,19852,2476,22328,False,0.008032,18.72,BUY,False,0.2,,success
20260709T144020Z,JPM_FQ1_2021,jpm,JPMorgan Chase & Co.,JPM,FQ1 2021,2021-04-14,C:\Users\bencr\OneDrive\Personal\Computing\Business Analytics\Citibank APR\docs\jpm\CY2021-Q1\jpm-1q21-press-release.html,deepseek-v4-flash,llm_analysis_prompt_template.md,15504,2262,17766,True,0.006623,15.09,BUY,False,0.25,,success
20260709T144020Z,JPM_FQ2_2021,jpm,JPMorgan Chase & Co.,JPM,FQ2 2021,2021-07-13,C:\Users\bencr\OneDrive\Personal\Computing\Business Analytics\Citibank APR\docs\jpm\CY2021-Q2\jpm-2q21-press-release.html,deepseek-v4-flash,llm_analysis_prompt_template.md,15495,2287,17782,True,0.006648,15.41,HOLD,True,0.15,,success
20260709T144020Z,JPM_FQ3_2021,jpm,JPMorgan Chase & Co.,JPM,FQ3 2021,2021-10-13,C:\Users\bencr\OneDrive\Personal\Computing\Business Analytics\Citibank APR\docs\jpm\CY2021-Q3\jpm-3q21-press-release.html,deepseek-v4-flash,llm_analysis_prompt_template.md,15227,1931,17158,True,0.006184,13.49,HOLD,False,0.0,,success
20260709T144020Z,JPM_FQ4_2021,jpm,JPMorgan Chase & Co.,JPM,FQ4 2021,2022-01-14,C:\Users\bencr\OneDrive\Personal\Computing\Business Analytics\Citibank APR\docs\jpm\CY2021-Q4\jpm-4q21-press-release.html,deepseek-v4-flash,llm_analysis_prompt_template.md,18830,2369,21199,True,0.007639,16.69,HOLD,False,0.15,,success
20260709T144020Z,JPM_FQ1_2022,jpm,JPMorgan Chase & Co.,JPM,FQ1 2022,2022-04-13,C:\Users\bencr\OneDrive\Personal\Computing\Business Analytics\Citibank APR\docs\jpm\CY2022-Q1\jpm-1q22-press-release.html,deepseek-v4-flash,llm_analysis_prompt_template.md,15331,2131,17462,True,0.006432,14.43,HOLD,False,-0.1,,success
20260709T144020Z,JPM_FQ2_2022,jpm,JPMorgan Chase & Co.,JPM,FQ2 2022,2022-07-14,C:\Users\bencr\OneDrive\Personal\Computing\Business Analytics\Citibank APR\docs\jpm\CY2022-Q2\jpm-2q22-press-release.html,deepseek-v4-flash,llm_analysis_prompt_template.md,14633,2138,16771,True,0.006252,15.08,HOLD,False,-0.15,,success
20260709T144020Z,JPM_FQ3_2022,jpm,JPMorgan Chase & Co.,JPM,FQ3 2022,2022-10-14,C:\Users\bencr\OneDrive\Personal\Computing\Business Analytics\Citibank APR\docs\jpm\CY2022-Q3\jpm-3q22-press-release.html,deepseek-v4-flash,llm_analysis_prompt_template.md,14774,1666,16440,True,0.00577,12.06,HOLD,False,0.0,,success
20260709T144020Z,JPM_FQ1_2026,jpm,JPMorgan Chase & Co.,JPM,FQ1 2026,2026-04-14,C:\Users\bencr\OneDrive\Personal\Computing\Business Analytics\Citibank APR\docs\jpm\CY2026-Q1\jpm-1q26-press-release.html,deepseek-v4-flash,llm_analysis_prompt_template.md,15434,1822,17256,True,0.00612,13.46,HOLD,True,0.15,,success
