issuer,ticker,listing_type,home_exchange,announcement_headline,announcement_date,publication_time,timezone,url,confidence_note
p2_standard_chartered,STAN.L,home (LSE),LSE,SCPLC Half Year Results 2026,2026-07-29,07:00,GMT/BST,https://www.investegate.co.uk/company/STAN,"RNS timestamp from Investegate structured data (dateCreated). Consistent across multiple announcements: Q3 2025 at 07:01:42 on 2025-10-30; FY2025 at 07:01:28 on 2026-02-10. Always 07:00-07:02 GMT. 07:00 GMT = 02:00 ET, pre-market on both LSE and NYSE."
p2_barclays,BCS,US ADR (NYSE),LSE (home: BARC.L),3rd Quarter Results,2025-10-22,07:01,GMT/BST,https://www.investegate.co.uk/announcement/rns/barclays--barc/3rd-quarter-results/9185880,RNS timestamp from Investegate structured data (dateCreated 2025-10-22 07:01:37). FY2025 results also at 07:01:28 on 2026-02-10. Always 07:00-07:02 GMT. Note: manifest uses BCS (NYSE ADR) not BARC.L (LSE home).
p2_siemens,SIE.DE,home (Frankfurt),XETRA,Earnings Release and Financial Results Q1 FY 2025,2025-02-13,07:00,CET,https://press.siemens.com/global/en/event/first-quarter-results-fy-2025,Siemens press event page states release at 07:00 CET with Press Conference Call at 07:30/08:30 CET. Q2 FY2025 also at 07:00 CET on 2025-05-08. Consistent pattern.
p2_puma,PUM.DE,home (Frankfurt),XETRA,Q3 2025 Quarterly Statement,2025-10-30,08:00,CET,https://about.puma.com/en/investor-relations/calendar,"PUMA IR calendar: '8 am CET Quarterly Statement & 3 pm CET Analyst Call' for Q1 and Q3 2025. Ad-hoc preliminary Q2 results on 2025-07-24 at 22:19 CET (after hours, different from regular quarterly). Using the 08:00 CET regular pattern."
p2_allianz,ALV.DE,home (Frankfurt),XETRA,,,,,Could not retrieve exact publication time. IR page confirms dates (Q1 2025 on 2025-05-15) but no times. Press releases returned 404. EQS News timed out. Mark as unresolved — needs hand-sourcing.
p2_lvmh,MC.PA,home (Euronext Paris),Euronext Paris,LVMH 2025 Full Year Results,2026-01-27,,after Paris close (exact time not retrieved),https://www.lvmh.com/en/financial-calendar/2025-full-year-results,"Multiple sources confirm 'after the Euronext Paris closes' but no exact timestamp retrieved. H1 2025 results also after close on 2025-07-24. FLAGGED FOR ATTENTION: French large caps often publish after Paris close; do not pattern-match to German names which publish before Frankfurt open."
p2_novo_nordisk,NVO,US ADR (NYSE),Nasdaq Copenhagen (home: NOVO-B.CO),Financial results for the first three quarters of 2026,2026-11-04,07:30,CET/CEST,https://www.novonordisk.com/investors/financial-results.html,"IR page states Q3 2026 at 07:30 CEST on 2026-11-04. Also states FY results published 'before the opening of the NASDAQ Copenhagen'. No exact time found for 2025 quarters specifically, but convention is consistent pre-market. Confidence: inferred from stated convention, not a specific 2025 timestamp."
p2_maersk,AMKBY,US ADR (OTC Pink),Nasdaq Copenhagen (home: MAERSK-B.CO),Interim Report Q3 2025,2025-11-06,,,https://investor.maersk.com/news-releases/news-release-details/interim-report-q3-2025,Date confirmed (2025-11-06) but exact publication time could not be retrieved (investor.maersk.com timed out). Mark as unresolved — needs hand-sourcing.
p2_lenovo,LNVGY,US ADR (OTC Pink),HKEX (home: 0992.HK),Lenovo Group First Quarter Financial Results 2025/26,2025-08-13,,,https://www.businesswire.com/news/home/20250813743723/en/Lenovo-Group-First-Quarter-Financial-Results-202526,"Date confirmed. BusinessWire timed out so exact time not retrieved. HKEX search JS-rendered. Yahoo Finance URL slug suggests 23:52 UTC (= 07:52 HKT next day) but this is the wire publication time, not the HK announcement time. Mark as unresolved — needs HKEX filing timestamp."
